职位名称,详细链接,工作地点,薪资,公司名称,经验要求,学历,福利,职位信息
python开发,https://www.lagou.com/jobs/6492797.html,青浦区,12k-16k,上海兆殷特科技有限公司,3-5年,大专,五险一金，加班补贴，打车报销,1. 熟练掌握python基础语法2. 熟练使用django restframework框架3. 熟练使用pythton redis mysql操作4. 熟练使用celery异步框架5. 熟练使用linux操作系统6. 熟练使用js css html7. 熟练使用vue框架8. 至少有一个完整的项目经验
Python开发工程师,https://www.lagou.com/jobs/6492663.html,浦东新区,18k-20k,苏州旺满信息科技有限公司,3-5年,本科,双休，五险一金，一年两次调薪，过节费,岗位职责：1. 熟悉Python语言的基本使用以及各种高级特性。2. 熟悉常见算法的python实现。3. 熟悉各种常见网络协议。4. 具有清晰的逻辑思维能力，较好的沟通表达能力，能够将问题深入浅出地讲解出来。任职要求：1.三年及以上Python一线软件开发工作经验，计算机及软件相关专业本科或以上毕业2.编程基础扎实， 熟练使用Python语言，精通Python全栈开发3.熟悉Python Linux运维开发4.有Python网络爬虫相关开发经验优先5.有Python数据分析、机器学习，Spark ML、TensorFlow相关经验的优先6.熟悉Tableau、Power BI、Qlikview等工具优先7.能独立解决问题，承受较强的工作压力，本岗位需要常驻上海地区。
python开发工程师,https://www.lagou.com/jobs/6133743.html,长宁区,15k-25k,秒针信息技术有限公司,3-5年,本科,福利待遇 发展前景,工作内容：1.负责基础数据及通用数据资产建设，通过数据+算法+工程化能力，处理、萃取和自动化加工数据，服务AI和BI场景。2.参与大数据基础架构和技术体系的规划建设，包括统一采集、数据资产建设与管理和数据质量及稳定性保障体系等。任职要求：1.精通数据仓库建模、ETL设计开发，有数据质量与数据治理相关经验。2.有从事分布式数据存储与计算平台应用开发经验，站在全局基础数据和通用数据建设角度，耐得住短期无业务结果的寂寞。3.具备实际的大数据业务开发经验，熟悉Hadoop/Spark/Flink等流批数据处理的开发经验。3.具备实时流计算数据开发经验，尝试过流批数据处理与融合，及全栈开发经验优先。4.具备一定的Python语言的开发能力，具备机器学习算法能力尤佳。5.良好的思维逻辑性和语言表达能力，以及良好的项目沟通和协调能力。
高级python开发,https://www.lagou.com/jobs/6487703.html,浦东新区,20k-40k,互道信息技术（上海）有限公司,3-5年,大专,"技术前沿,大数据平台",岗位职责：1.负责零售行业人、货、场的企业数据应用系统的中后台设计和开发；2.负责制定产品研发计划，跟踪并保障产品研发进度，按计划完成产品迭代； 3.配合项目需求进行项目的分析、设计和开发工作，确保项目按时、按质推进;4.积极了解业界相关新技术及发展趋势，有选择的引进合适的技术来加强、完善平台架构与功能；5.负责定期带领团队进行技术分析，制订相关的技术解决方案； 任职要求：1.计算机相关专业本科以上学历；三年以上相关工作经验;2.精通Python开发，3年以上Python开发经验，熟悉基于Python代码的性能分析和优化；3.熟悉Redis，MongoDB，RabbitMQ等，并具备实际的业务落地经验；4.精通面向对象分析和设计技术，熟悉设计模式、UML建模等；5.具备优秀的编程习惯，具备较强的研发与设计能力；有代码洁癖者优先；6.具备缜密的逻辑思维，具备优秀的分析、解决问题的能力；有大型项目技术管理经验者优先；7.熟悉数据库事务和锁机制，有基于关系型数据库开发大型应用的经验；有基于PostgreSQL开发经验者优先；8.具备良好的服务意识、责任心、较强的学习能力、优秀的团队沟通与协作能力、能承受一定的工作压力；9.具备高并发、高负载、高可用性的产品或项目开发设计经验者优先；10.有良好的文档组织及编写能力，具备产品各阶段相关文档（技术可行性分析，技术设计方案、接口文档等）的编写经验者优先；
python,https://www.lagou.com/jobs/6495837.html,浦东新区,1k-2k,上海卿钊互联网科技有限公司,3-5年,不限,找技术合伙人：时间自由 有项目开发,技术合伙人懂vue和python优先，不限学历，不限背景，有本地生活服务.电商.收银系统供应链管理系统开发经验优先，我们有主要工作利用周末或则节假日开发，无薪资、无报酬我们没钱、没房、没存款有实力愿意加入可以签股权协议（这是一张饼）欢迎进一步沟通
python,https://www.lagou.com/jobs/6089793.html,青浦区,15k-25k,圆通速递有限公司,3-5年,本科,上市公司，前景好，晋升空间广阔，待遇好,岗位职责：1.参与自动化运维平台开发和建设2.参与自动化发布平台CI\CD开发和建设3.参与统一监控平台开发和建设4.参与运维工具开发和建设5.参与cmdb开发和建设任职要求：1.精通Flask/Django或者其他Python Web开发框架，熟悉常用设计模式2.熟练使用mysql，熟悉mysql的各种存储引擎，熟悉索引工作原理3.精通 celery 等队列工具的开发使用4.熟悉多种开源组件有的kafka、redis 、RabbitMq 使用5.熟悉开源监控软件Nagios/Zabbix/Cacti/Prometheus一种或以上的部署和应用经验优先6.熟悉Linux系统，具备编写shell脚本能力7.熟悉网络基础、TCP/IP、HTTP等协议，熟悉操作系统原理
Python开发（自动化运维方向）,https://www.lagou.com/jobs/6347974.html,浦东新区,15k-25k,上海亦存网络科技有限公司,1-3年,本科,前沿技术驱动；年终奖丰厚；技术大牛,"工作内容：该岗位主要负责坚果云企业版与其他已有产品的维护工作，主要包括自动化技术的研究， 服务的部署与维护，运维工具的开发，为技术服务同事提供支持。 岗位要求:1. 掌握至少一种编程语言, Python, Shell 等;2. 熟悉 Linux 操作系统, 了解进程/线程, Cgroup, namespace 等;3. 熟悉网络知识, 熟悉 HTTP, TCP/IP 协议;4. 熟悉至少一种集群自动化管理工具, Puppet, Ansible, Fabric 等; 5. 快速定位问题的能力, 能独立分析解决技术问题, 乐于学习新技术;6. 良好的沟通能力和合作精神。 加分技能:1. 熟悉虚拟化技术, LXC, Docker, Vbox/Vagrant 等;2. 有个人技术博客, 或者 StackOverflow 较高积分。"
Python开发工程师,https://www.lagou.com/jobs/3990588.html,徐汇区,15k-25k,上海斯干网络科技有限公司,3-5年,本科,"上升空间,技术大牛,漫展免费进,福利多多",岗位职责：1、参与后台接口的设计和开发。2、设计数据接入的处理流程，以便从不同的数据源获取数据，并开发相关程序及服务。3、根据需求，完成数据可视化。岗位要求:1、有2年以上后台开发经验，本科及以上学历，211，985学校毕业优先。2、熟练使用Unix/Linux操作系统，熟悉常用的shell/python，必须不局限于某一项特定的开发技术，需要能够根据环境快速适应新技术。3、熟悉数据库技术，如MSSQL、Mysql，熟悉SQL查询的优化。4、有强烈的责任心，和良好的团队协作能力。
Python工程师,https://www.lagou.com/jobs/4123246.html,浦东新区,13k-20k,互道信息技术（上海）有限公司,3-5年,本科,"技术前沿,大数据平台",岗位职责：1.负责SaaS系统后台设计和开发;2.积极了解业界相关新技术及发展趋势，有选择的引进来加强完善平台架构与功能;3.配合前端开发人员进行应用及系统整合； 任职要求：1.计算机相关专业本科以上学历；2.精通Python，3年以上开发经验、2年以上专职Python开发经验，熟悉基于Python代码的性能分析和优化；3.具备优秀的编程习惯，具备较强的研发与设计能力，有代码洁癖者优先；4.具备缜密的逻辑思维，具备优秀的分析、解决问题的能力；有技术管理经验者优先；5.熟悉数据库事务和锁机制，有基于关系型数据库开发大型应用的经验；有基于PostgreSQL开发经验者优先；6.具备良好的服务意识、责任心、较强的学习能力、优秀的团队沟通与协作能力、能承受一定的工作压力；
python开发工程师,https://www.lagou.com/jobs/6369035.html,徐汇区,15k-25k,魔珐（上海）信息科技有限公司,3-5年,本科,"明星团队,顶级科学家,顶级风投,期权丰厚",岗位职责：1，与相关人员沟通产品与项目需求2，完成具体项目中前后端开发工作任职要求：1，熟悉Python，至少熟悉一种Python的后台开发工具，例如Django、Flask等2，熟悉js，至少熟悉一种常见的前端开发框架，例如Vue、React等3，至少熟悉一种常见的数据库，例如MySQL、PG等4，3年以上工作经验，本科以上学历，沟通能力优秀加分项：1，了解一种异步任务处理框架，例如Celery等2，了解一种分布式存储系统，例如HDFS、Ceph等3，了解一种分布式计算系统，例如MapReduce、Spark等4，了解一种配置管理系统，例如saltstack、puppey、ansible等
Python开发工程师,https://www.lagou.com/jobs/5977096.html,浦东新区,15k-30k,达而观信息科技（上海）有限公司,3-5年,本科,核心系统 人工智能 专业培训 前沿技术,参与RPA核心系统平台（Studio、任务调度系统和软件机器人）的设计和开发；岗位要求：1、 本科及以上学历，熟悉Node JS、GO、Python、C++至少一种语言；2、熟悉Linux或Windows编程；3、熟悉计算机基础算法优先；4、对新技术敏感，求知欲强，能快速学习并具备较强的技术领悟能力。RPA（Robotic Process Automation），机器人流程自动化，又可以称为虚拟劳动力或数字化劳动力，是一种智能化软件平台，通过模拟并增强人类与计算机的交互过程，实现工作流程中的自动化。达观智能RPA平台融合自有的OCR和NLP技术，可迅速实现业务提效，将重复性劳动进行自动化处理，高效低门槛连接不同业务系统，让财务、税务、金融、人力资源、信息技术、保险、客服、运营商、制造等行业在业务流程上实现自动化智能升级。
Python开发工程师,https://www.lagou.com/jobs/2108656.html,浦东新区,15k-30k,上海进馨网络科技有限公司,5-10年,本科,发展前景大、工作氛围好、技术牛人多,工作内容：1. 参与软件项目周期的大部分工作，包括分析、设计、开发及后续部署运维等工作； 2. 能够根据项目的实际需要，进行技术方案的分析、选型； 3. 发现和解决系统开发中存在的技术问题，解决关键的技术难题；岗位要求：1、本科及以上学历，计算机/软件工程/信息管理/计算机应用等理工专业；2、五年以上Python开发经验，三年以上Python服务端开发经验；3、熟练掌握Django或者其他Python Web开发框架，熟悉HTML、JS、CSS、jQuery等Web开发者优先；4、具备数据库设计能力，熟练掌握MySQL者优先；5、熟悉Twisted框架，了解TCP/IP、网络、多线程、多进程、协程编程、异步编程模型，了解线程安全和线程可见性，能编写正确且高效的并发代码；6、熟悉Linux操作系统，熟悉Apache/Tomcat/Ngnix等Web Server的部署和应用；7、具备良好的编码习惯及开发文档书写习惯；8、具有优秀的团队合作和沟通协作能力，善于学习，乐于分享，能承受较大工作压力。
Python开发（2020校招）,https://www.lagou.com/jobs/6391782.html,浦东新区,12k-20k,达而观信息科技（上海）有限公司,不限,本科,六险一金 AI项目 专业培训,参与公司核心系统的设计和开发；岗位要求：1、 本科及以上学历，熟悉Python、Node JS、GO、C++、JAVA等任何一种语言；2、熟悉Linux或Windows编程；3、熟悉计算机基础算法优先；4、对新技术敏感，求知欲强，能快速学习并具备较强的技术领悟能力。
Python 开发工程师,https://www.lagou.com/jobs/6406816.html,闵行区,15k-25k,天津英才酷信息科技有限公司,3-5年,大专,五险一金，带薪年假，员工旅游，技能培训,"工作职责：负责公司大型python数据采集系统前端、后端功能和模块接口的开发；参与python和搜索系统的前后技术框架、实施计划，负责技术规范的设计和实施；不断提高产品的质量、性能和稳定性，并对其进行优化；完成新功能和模块的开发，学习和研究新技术，不断满足新产品的需求；领导团队成员进行任务分割、对接和技术评估。任职资格：2年以上的软件开发经验精通Python，J2EE, spring MVC, Hibernate.优秀的调试技能任何前端技能，如jquery，easyui是加分项。 熟悉Linux和MySQL。乐于学习关于网络和python的新技能具有在敏捷环境中工作的经验较强的人际交往、影响和沟通能力做事认真负责，有强的组织能力，并且有出色的写作和沟通能力具有出色的软件经验与成熟优秀的作品。能够在快节奏、高压的环境中高效工作基础英语技巧。"
python开发工程师,https://www.lagou.com/jobs/6086135.html,静安区,10k-20k,江曲投资咨询（上海）有限公司,1-3年,本科,活力团队，技术牛人,"岗位职责:* 根据需求，进行后端API的设计和开发* 对已有系统进行维护* 完成Test Case编写，保证代码质量* 监控系统性能，对性能进行优化 岗位要求：* 至少具有三年以上Python网站开发经验* 至少熟悉一种Python框架* 熟悉MySQL数据库设计和查询优化, 会ORM框架sqlalchemy更好* 熟悉基于Rabbitmq的开发* 熟悉ElasticSearch索引的创建和查询* 具有较强分析和解决问题的能力* 具有较强API设计的能力* 具有英文技术文档读写的能力"
python开发,https://www.lagou.com/jobs/6389262.html,闵行区,12k-23k,上海灏程信息科技有限公司,5-10年,大专,扁平化管理、优质办公环境、生日及过节红包,"1、负责公司用户端业务接口的功能开发和代码维护，能独立完成子系统和功能模块开发，编写完整的接口文档；2、根据需求制定技术方案，项目计划以及开发,学习研究最新技术，并将之应用到工作当中3、根据产品需求，进行系统设计和编码, 持续对系统架构进行改造和优化4、具备良好的编码习惯，结构清晰，命名规范，逻辑性强，代码冗余率低；岗位要求：1、5年及以上Python开发经验，熟练Flask，Django, Sanic, Sqlalchemy，Celery等主流框架, 深入理解框架实现原理及特性, 熟练使用python的常用库, 熟悉网络爬虫2、熟悉Internet常用协议，如HTTP、TCP/IP、熟悉MySQL、Redis等，具备数据库应用、设计能力3、理解并能应用RESTFul规范,具备较强的编程能力和良好的编码风格4、熟练掌握Python语言及web相关技术栈5、善于团队合作与管理，对新技术有强烈的探索欲望，责任心强，能够承受工作压力，有强烈的责任心6、了解异步框架Async,集群与负载均衡,消息中间件等技术7、资深体育迷，精通NBA、篮球、足球者优先办公地点：上海市闵行区新龙路1333弄万科七宝国际21栋60号（9号线中春路6号口出）"
Python开发工程师,https://www.lagou.com/jobs/6122997.html,徐汇区,10k-20k,上海数旦信息技术有限公司,1-3年,本科,"年终奖金,股票期权,优秀团队,金融科技",【岗位职责】1、负责后端功能的开发、性能优化和单元测试2、负责后端相关文档编写3、参与后端的需求和设计讨论【任职要求】1、全日制本科及以上学历，计算机或相关专业2、熟悉Python，编程功底扎实3、熟悉Linux开发环境，熟悉Redis及Mysql等数据库4、具备极强的开发能力、学习能力和抗压能力5、国家级技术类竞赛（如数学建模、ACM）一等奖获奖者优先
Python开发工程师,https://www.lagou.com/jobs/6446544.html,普陀区,15k-25k,上海庆科信息技术有限公司,3-5年,本科,行业前景好 团队氛围好,主要职责：1、根据公司后台产品需求设计代码方案；2、编写相关的技术文档；3、编写项目代码，并完成自测；4、及时解决项目出现的技术问题；5、对项目代码进行优化；任职要求：1、具备3年以上服务端工作经验；2、熟悉Django，Flask等；3、代码风格良好，有写文档的习惯；4、熟悉SQL的使用，具备SQL优化能力；5、熟悉MongoDB，Redis等；加分项：熟悉java
python开发工程师,https://www.lagou.com/jobs/6475904.html,黄浦区,20k-40k,上海谷露软件有限公司,不限,本科,公司氛围好，大牛多，成长空间大,
Python工程师,https://www.lagou.com/jobs/6485697.html,浦东新区,14k-18k,上海宸安生物科技有限公司,1-3年,本科,个人发展空间大，文化open，扁平化管理,"Python工程师 工作职责：1. 配合团队其他成员进行算法落地开发2. 负责相关领域的数据收集和结构化3. 负责人工智能产品技术及相关平台开发 任职要求：1. 精通python,并熟悉Python生态圈的各种工具包，比如：numpy, scipy, matplotlib,scikit-learn,Flask等2. 熟悉Linux操作系统，包括但不限于Git, Docker, Shell等3. 熟悉常规的数据结构，熟练使用数据库mysql4. 有良好的编程风格，能书写规范的的代码5. 自我学习能力强，有较强的工作责任心和沟通协调能力加分项：熟练调用GPU资源进行运算"
python开发（驻场国泰君安）,https://www.lagou.com/jobs/6477081.html,浦东新区,15k-24k,上海博鼠信息科技有限公司,3-5年,大专,不加班/长期稳定/上下班有班车,1.负责接口自动化工具的开发和维护；  2.负责测试环境持续集成工具脚本开发和维护；  3.完成CICD持续交付全链路脚本开发和维护； 任职资格  1、专科以上学历，计算机或计算机相关专业；  2、3年以上相关工作经验；  3、熟练掌握Python、Flask、Flask-restful并且熟悉接口自动化工具开发（Python方向）；  4、有较强的分析设计能力和方案整合能力，有自动化接口测试、性能测试相关经验者优先；  5、熟悉Linux操作系统命令、数据库SQL；  6、掌握Java、Jmeter、PostMan者优先；  7、掌握Jenkins Pipeline编写、shell、js、beanshell script优先；  8、学习能力强者优先； 9、具备优秀的沟通和协调能力，良好的团队合作能力和执行力，责任心强，学习新技术和新业务的能力强，能承受工作压力
python开发,https://www.lagou.com/jobs/5943422.html,浦东新区,12k-18k,上海华钦信息科技股份有限公司,3-5年,不限,薪资福利好，发展空间大,1. 计算机相关专业，统招学信网可查2. 一年以上Python开发经验3. 有数据挖掘经验优先考虑4. 英语读写OK，能开口讲
python,https://www.lagou.com/jobs/6038726.html,浦东新区,16k-25k,上海华钦信息科技股份有限公司,3-5年,本科,"待遇高,环境好,有前景",外企职位，4以上经验，英语读写ok，口语敢说
Python开发（自动化测试）,https://www.lagou.com/jobs/6233871.html,虹口区,15k-25k,上海维信荟智金融科技有限公司,3-5年,本科,上市公司，带薪年假，试用期全薪，年终多薪,工作职责:1、参与公司业务需求分析，深入了解需求说明书，找出项目中存在的问题及缺陷，并评估改进方案是否合理； 2、根据测试流程及规范，制定测试计划、编写测试用例和脚本  ；3、制定自动化测试方案计划，开发自动化脚本，分析测试结果，提交测试报告 ；4、测试工具系统的研究和应用，培训指导初级测试工程师开展工作；5、具有python开发Mock及接口自动化测试平台的经验。任职资格:1、统招全日制本科学历，计算机相关专业，5年以上的测试经验（其中2年以上自动化测试经验）2、熟悉基本的软件测试流程，方法和规范，能编写测试计划，测试用例和测试报告3、熟练掌握自动化测试工具Selenium，有自动化测试框架设计经验4、熟悉数据库操作，使用过Oracle，SQLServer、Mysql、Redis、MongoDB任意一种数据库，熟悉SQL脚本的编写5、熟悉常用脚本语言：Python、Shell，熟悉java，.Net者加分，有开发经验优先考虑6、踏实肯干，能承受一定的工作压力，思路清晰、有良好的语言表达能力，做事积极主动，有较强责任心
python开发工程师（英语流利）,https://www.lagou.com/jobs/6468558.html,黄浦区,18k-22k,上海华钦信息科技股份有限公司,3-5年,本科,团队氛围好，发展空间大，无加班,"Familiar Linux platformFamiliar with one or more software development language, includingShell ScriptPythonPerlJavaJavaScriptCSSFamiliar with one or more database software, includingMySQLMongoDBFamiliar with WebGUI developmentUnderstand network fundaments, includingSwitching fundamentalsRouting fundamentalsTCP/IP fundamentalsHands-on experience on network routers, switches, firewalls or load balancer devices is a big plusHands-on experience to setup open source SIEM or monitor solution, like ELK, Splunk, Nagios, Zabbix, Grafana is a plusExperience with Ansible or NetBrain is a plusWorkable English, able to communicate with foreign peer with confidenceFast learnerGood team player"
Python开发工程师,https://www.lagou.com/jobs/6110022.html,徐汇区,20k-40k,竹间智能科技（上海）有限公司,3-5年,本科,"发展空间大,弹性工作",职位描述：1.  负责领域数据集收集并结构化；2.  通过机器学习方法抽取数据集特征、关联、依赖等信息；3.  负责人工智能产品技术及云平台产品开发。  任职资格：1.  本科及以上学历，计算机相关专业，3年以上相关经验。2.  具有扎实的 Python 经验，熟悉 Python 生态圈的各种工具包，比如 Scrapy，Flask，Requests，Pandas，Jupyter、Numpy、Scipy、Matplotlib、scikit-learn 等。3.  熟悉 Linux 操作系统以及业内常用的开源工具包括但不限于 Git、Docker、Shell 等。4.  熟悉线性代数、概率论与数理统计，对数据有一定敏感性。5.  熟悉分布式系统如 Hadoop、Spark、Kubernetes 等优先。6.  悉深度学习框架如 Tensorflow、Caffe、Pytorch 等优先。7.  熟悉中文自然语言处理相关技术如分词、词性标注、句法依存树、语义角色标注等优先。
Python开发(J12921),https://www.lagou.com/jobs/6393253.html,黄浦区,10k-15k,深圳市银雁金融服务有限公司,1-3年,本科,社保，公积金,"工作职责:        1.掌握使用C、Python中的一种        2.掌握java""script""+css+html+Ajax等前端技术，掌握jQuery，Vue中的一种js框架        3.掌握Web中absolute、fixed、relative、static常用布局，了解bootstrap，具备框架理解能力        4.熟悉使用Django、Flask框架中的一种        5.能独立完成网站前后端开发,独立完成网站的部署        6.掌握使用git工具     任职资格:1.能够适应不断变化的更新 / 扩展 / 改版需求，同时处理多个项目  2.对页面布局具有一定的理解，注重细节，善于分析并改善用户视觉及操作体"
python开发工程师,https://www.lagou.com/jobs/5952662.html,浦东新区,15k-25k,全美在线（北京）教育科技股份有限公司,3-5年,本科,公司正规 团队氛围好 领导好 午餐补助,岗位职责：1、 负责互联网网站产品开发；2、 参与产品设计、架构设计和代码编写；3、 负责问题排查、调试、性能调优等开发相关工作。 岗位要求：1、 大学本科以上学历，信息技术等相关专业，学习能力强；2、 精通Python语言，熟悉Django开发框架，有2年以上开发经验；3、 了解HTML5，JavaScript，CSS3 等前端技术；4、 熟悉MySQL、MongoDB数据库、数据建模、数据处理调优；5、 熟悉Linux环境下的开发环境；6、 熟练掌握git代码管理工具和敏捷开发流程；7、 习惯阅读英文技术文档；
Python开发工程师 SH,https://www.lagou.com/jobs/6331156.html,黄浦区,15k-30k,上海茗日智能科技有限公司,1-3年,本科,人工智能、前沿科技、技术大牛、弹性工作,"任职要求:1、二类本科以上学历；2、英语六级以上水平；3、精通Python语言，具有扎实的计算机基础和编程能力，熟悉常见的算法与数据结构，具有优秀的逻辑思维能力。4、熟悉Tornado框架开发, 熟悉HTTP与Websocket协议, 熟练掌握MySQL等主流数据库。5、熟悉Linux、Git、Web开发流程, 熟悉RESTful API设计，有过互联网业务系统或相关技术产品开发经验。6、有良好的编程风格，能够书写规范、优质的代码。7、自我学习能力强，有较强的工作责任心和良好的沟通协调能力，能够快速定位问题并高效解决问题。8、加分项：即时通信系统、智能对话系统、服务平台化相关开发经验。我们是谁：- 我们是一家尚处于Stealth mode的初创企业。- 我们使用人工智能来打造真正有价值的服务，详细看法见《人工智障2:你看到的AI与智能无关》 https://mp.weixin.qq.com/s/tFcVohNjdhvBE_INQk9muQ （所有岗位申请者必看，未看勿投，以节约彼此时间）- 我们即将进入高速增长期，希望能招募彼此认同的团队成员来加速这个过程。我们的客户：- 我们在和世界100强的跨国企业共同打造下一代的智能化服务。- 他们是在各自行业里最顶尖的品牌和企业，已披露的商用客户包括宝马集团和Visa。- 这些顶尖的品牌正在面向未来设计智能化的服务，我们很高兴能成为其中的关键队友。你会得到：1、参与世界顶尖品牌最前沿的智能化项目的经验，类似“xx的第一个人工智能服务”。2、与这些顶尖企业的创新部门和前沿研发部门，组成联合团队共同探索跨时代的产品。3、通过你的产品设计或代码直接影响那些大品牌的终端用户群。4、获得大量的可供迅速成长的空间。如果你对我们感兴趣：1、烦请确认你符合上述【任职要求】的必须项；2、请在联系我们前，仔细阅读【公司介绍】；"
Python开发工程师（研发效率方向）,https://www.lagou.com/jobs/6149940.html,闵行区,25k-50k,北京字节跳动科技有限公司,3-5年,本科,六险一金，弹性工作，免费三餐，租房补贴,
python开发,https://www.lagou.com/jobs/6423933.html,浦东新区,15k-30k,上海昌投网络科技有限公司,1-3年,不限,五险一金 年终奖 周末双休 扁平管理,"岗位职责： 1、负责按照选定的技术路线，用Python编程实现系统服务器端的业务流程；2、负责数据收集机器人的开发工作，大数据相关自动化平台开发；3、根据项目任务计划按时完成软件编码和单元测试工作。任职要求： 1、全日制本科以上，计算机相关专业，扎实的计算机基础知识，2年以上开发经验； 2、精通Python语言，熟悉Linux编程开发环境，有较强的编程能力；有java、.net经验者优先考虑；3、熟练使用一种WEB框架，例如webpy/tornado/django/flask,熟悉常用web开发组件或框架；4、熟悉HTTP、Ajax、WebSocket等相关网络协议和主流前后端通信规范；5、理解常用设计模式，具有服务器端系统开发调试和性能调优经验；6、逻辑思维优秀，有良好的沟通能力和语言表达能力。"
python开发,https://www.lagou.com/jobs/5943422.html,浦东新区,12k-18k,上海华钦信息科技股份有限公司,3-5年,不限,薪资福利好，发展空间大,1. 计算机相关专业，统招学信网可查2. 一年以上Python开发经验3. 有数据挖掘经验优先考虑4. 英语读写OK，能开口讲
Python开发经理,https://www.lagou.com/jobs/6473627.html,杨浦区,25k-30k,上海树融数据科技有限公司,3-5年,本科,"扁平化管理,快速成长,与大牛公事",岗位职责： 1、系统需求分析与设计，核心模块的开发工作；2、根据开发进度和任务分配，完成相应模块的开发、编程、测试任务；3、指导初级开发同事工作，解决关键问题、寻找技术方案。 职位要求: 1、本科以上学历，3年以上编程经验，有过项目管理或者人员管理经验； 2、精通Python语言有扎实的编码能力；3、熟练使用至少一种数据库； 4、有独立分析和解决问题的能力，有良好的团队合作精神。
Python开发工程师（2020届）,https://www.lagou.com/jobs/6473003.html,浦东新区,8k-10k,上海群之脉信息科技有限公司,应届毕业生,本科,五险一金 节日礼品 生日礼金 年度体检,"1.      人在江湖飘，一技傍身很重要。计算机相关专业，本科及以上学历，计算机基础知识扎实，懂操作系统、数据结构和算法以及计算机网络相关知识；2.      熟悉W3C标准与ES规范，熟悉Web语义化，掌握Box模型、常用布局以及浏览器兼容性；3.      熟悉Python语言的优先考虑；4.      熟悉至少一种服务端编程语言（Java, C#, PHP, Python, Node.js, Go等）；5.      对交互体验、可用性、用户体验有一定程度的理解；6.      良好的分析和解决问题的能力，较强的学习能力，良好的沟通交流能力，能快速融入团队开发；7.      诚实、正直、上进、负责，能够快速适应群硕的企业文化；8.      基本的英语听说读写能力；9.      有一定实际商业项目经验和软件工程意识者，笔芯，加分加分。"
Python工程师-SEO经验者优先,https://www.lagou.com/jobs/4319629.html,松江区,6k-12k,上海担路网络科技有限公司,不限,本科,"年轻团队,年终分红,晋升空间大,待遇从优","工作内容：1. Web 应用开发2. PaaS云平台开发3. 系统维护、调试-------------------------------------------先决条件：1. 请确保你至少对 Python、JavaScript 这两门语言都有深入学习研究的欲望2. 对 Web 前端的知识及其实现充满好奇，能够对所有技术保持好奇更好3. 技术是为产品服务的，必须要掌握或愿意学习掌握将技术转化为产品的能力对于以上三点有不同看法的，不适合从事该职位。---------------------------------职位要求：1. 思路清晰、主动性强，有缜密的逻辑思维能力，快速的英文阅读能力及学习能力，良好的沟通能力2. 有基本的计算机基础理论知识，熟悉常用数据机构与算法3. 能熟练使用 Python 进行Web程序相关开发，掌握 Django/Flask 等相关框架4. 熟悉 MySQL/PostgreSQL 等关系型数据库，熟悉SQL语言5. 对TCP/IP, HTTP等常用协议有基本的了解，能完整叙述一次HTTP请求从客户端到服务器端所经过的各个环节6. 有基本的前端技能，了解基本的网页设计知识，如 HTML、CSS、JavaScript、jQuery7. 熟悉 ES6，有 Vue.js/React/Angular 至少其中一种的使用经验8. 能够熟练使用 Linux 作为日常开发环境9. 熟悉 Git 的常用操作，了解 GitHub Workflow10. 有基本的程序错误分析排查能力-------------------------------------------优先条件：1. 有1年以上 Django 开发经验者优先2. 有完整的个人业余项目(GitHub Repo)并在线部署运行3. 有为开源项目贡献过代码或者文档者优先-------------------------------------担路的技术及学习理念：- 不做原教旨主义，用合适的工具做正确的事。- 稳中求新，快速迭代。- 持续学习，不给自己设限，对新知识充满不断探索的欲望。--------------------------------------应用开发平台介绍：应用开发平台可以快速开发出一整套可供多个平台使用的应用，包括PC网页版本、手机 网页版本以及小程序版本。全平台适配，数据统一管理，开发流程短，并支持高度自定义，无限扩展其功能，满足各个场景和各个行业的客户的不同需求。--------------------------------------应用开发平台架构：- 数据集（云数据库）做到能够让客户自定义去创建表结构，同时还保证在数据量极速增长的情况下的查询以及写入的性能- 后端运行时基于 Python 3.7, Django 1.11搭 配 asyncio/asyncpg实现系统核 心服务的功能- 云函数方便用户实现自己的业务逻辑，同时做好隔离性，保证出现bug的时候不会波及整个平台的运行情况- 可视化编辑器彻底解放用户在开发的时候对于繁杂表单及界面的处理，同时标准化的接口不会对平台的升级造成阻碍- 前端运行时遵循Vue.js，实现前端组件的线上/线下开发及加载的支持。通过自主研发的可视化 前端开发工具实现组件的可视化布局开发--------------------------------------担路网公司介绍1 互联网时代“互联网+”是创新2.0下的互联网发展新形态、新业态，是知识社会创新2.0推动下的互联网形态演进及其催生的经济社会发展新形态。“互联网+”是互联网思维的进一步实践成果，它代表一种先进的生产力，推动经济形态不断的发生演变。从而带动社会经济实体的生命力，为改革、创新、发展提供广阔的网络平台。中小企业转型应把握以下两个点：（1）顺势而为。（2）互联网思维。2 担路D云系统基于这样的互联网时代背景，担路网从商家的客户入手，为商家提供互联网信息展示、客户挖掘转化、客户关系维护的一体化互联网工具。担路平台的产品功能板块包含以下五点：一、信息展示：包含传统的pc端展示，同步手机端和微信端二、营销模块：基于担路SaaS云架构，我们在商城中心和手机端管理中心开发了多种互联网互动营销活动工具，方便企业进行O2O营销，让企业与客户的关系更加紧密三、客户转化：传统的商城订单、便捷的表单式订单以及独创的推广式组合订单，让购买变得简单，实现流量到销量的转化四、客户管理：自带客户注册系统、与系统同步的会员管理系统和CRM，完全整合您的客户信息五、数据统计：全方位的数据统计分析，让您实时掌握客户的动态为企业提供互联网工具，让供需互动变得触手可及。我们致力于互联网信息展示、客户挖掘转化、客户关系维护，为您打造高性价比的一体化互联网解决方案！“一路担当”是我们的公司文化。自成立以来一直秉持团结、平等、共赢的原则，为每一个伙伴提供全面的发展机会，有专人负责培训，鼓励同事之间相互帮助，共同进步。担路网在上海已经有了一定的知名度，已有近万成功合作商家，尤其在中小型商家中担路网三个字已经有了一定的品牌效应，但是我们依然在路上，我们需要更多的伙伴，更多年轻的有激情有梦想的伙伴加入。公司现在的伙伴都是年轻人，平均年龄24左右，在成立的三年之中，每年的增长率保持在200%以上，公司正在一步步壮大。现公司正处于新一轮的发展之际，需要找到一批核心成员，能够支撑公司的发展需要，现向各大招聘网站发布求贤令，诚邀有志之士的加入，共创一番事业！"
python开发工程师,https://www.lagou.com/jobs/6086135.html,静安区,10k-20k,江曲投资咨询（上海）有限公司,1-3年,本科,活力团队，技术牛人,"岗位职责:* 根据需求，进行后端API的设计和开发* 对已有系统进行维护* 完成Test Case编写，保证代码质量* 监控系统性能，对性能进行优化 岗位要求：* 至少具有三年以上Python网站开发经验* 至少熟悉一种Python框架* 熟悉MySQL数据库设计和查询优化, 会ORM框架sqlalchemy更好* 熟悉基于Rabbitmq的开发* 熟悉ElasticSearch索引的创建和查询* 具有较强分析和解决问题的能力* 具有较强API设计的能力* 具有英文技术文档读写的能力"
python后端,https://www.lagou.com/jobs/6309365.html,闵行区,15k-25k,上海云轴信息科技有限公司,1-3年,本科,阿里云投资、对标欧美企业福利、扁平化管理,岗位职责：负责云计算后台IaaS开发工作根据需求，实现IaaS存储、网络、虚拟化相关功能岗位要求：211、985本科/硕士，通信、计算机等相关专业全日制本科学历；熟悉Linux，熟悉网络、存储、虚拟化相关子系统者优先；熟悉虚拟化、云计算、计算机网络、操作系统基本原理。
高级Python工程师,https://www.lagou.com/jobs/6417021.html,静安区,15k-25k,搜股（上海）科技有限公司,3-5年,本科,移动互联网+组织架构扁平化,1. 负责公司大规模爬虫数据采集系统前后端功能及模块接口的开发工作；  2. 参与爬虫及搜索系统前后台技术框架和实现方案，负责设计并实施技术规范；3. 参与过类似于八爪鱼或者神箭手的网络爬虫工具的开发或者垂直搜索引擎的系统开发;4. 负责分布式网络爬虫架构设计选型、部署实施、功能开发及优化；  5. 设计数据采集策略，提升数据采集效率及质量6. 通过逆向、图像识别等技术对多平台信息进行采集7. 负责指导和协调其他工程师爬虫工作8. 精通Python或其他爬虫常用开发语言，并能够快速学习掌握新开发语言  工作地址
Python后端工程师,https://www.lagou.com/jobs/4523627.html,虹口区,15k-20k,上海炫体信息科技有限公司,3-5年,本科,"年轻,福利,补助","任职要求：1.3年以上开发工作经验；2.具备 Python 运维平台开发经验；3.能够高效地沟通,并与团队或跨团队同事有效地协作办公。"
Python高级开发工程师,https://www.lagou.com/jobs/6086122.html,静安区,15k-30k,江曲投资咨询（上海）有限公司,5-10年,本科,活力团队，技术牛人,"岗位职责:* 根据需求，进行后端API的设计和开发* 对已有系统进行维护* 完成Test Case编写，保证代码质量* 监控系统性能，对性能进行优化 岗位要求：* 至少具有5年以上Python网站开发经验* 至少熟悉一种Python框架* 熟悉MySQL数据库设计和查询优化, 会ORM框架sqlalchemy更好* 熟悉基于Rabbitmq的开发* 熟悉ElasticSearch索引的创建和查询* 具有较强分析和解决问题的能力* 具有较强API设计的能力* 具有英文技术文档读写的能力"
Python高级开发工程师,https://www.lagou.com/jobs/6441690.html,闵行区,15k-30k,上海灏程信息科技有限公司,5-10年,大专,扁平化管理、做五休二、生日及过节红包,"工作内容：1、负责公司用户端业务接口的功能开发和代码维护，能独立完成子系统和功能模块开发，编写完整的接口文档；2、根据需求制定技术方案，项目计划以及开发,学习研究最新技术，并将之应用到工作当中3、根据产品需求，进行系统设计和编码, 持续对系统架构进行改造和优化4、具备良好的编码习惯，结构清晰，命名规范，逻辑性强，代码冗余率低； 岗位要求：1、3年及以上Python开发经验，熟练Flask，Django, Sanic, Sqlalchemy，Celery等主流框架, 深入理解框架实现原理及特性, 熟练使用python的常用库, 熟悉网络爬虫2、熟悉Internet常用协议，如HTTP、TCP/IP、熟悉MySQL、Redis等，具备数据库应用、设计能力3、理解并能应用RESTFul规范,具备较强的编程能力和良好的编码风格4、熟练掌握Python语言及web相关技术栈5、善于团队合作与管理，对新技术有强烈的探索欲望，责任心强，能够承受工作压力，有强烈的责任心6、了解异步框架Async,集群与负载均衡,消息中间件等技术7、不了解异步框架的请慎投，谢谢！"
Python工程师,https://www.lagou.com/jobs/4123246.html,浦东新区,13k-20k,互道信息技术（上海）有限公司,3-5年,本科,"技术前沿,大数据平台",岗位职责：1.负责SaaS系统后台设计和开发;2.积极了解业界相关新技术及发展趋势，有选择的引进来加强完善平台架构与功能;3.配合前端开发人员进行应用及系统整合； 任职要求：1.计算机相关专业本科以上学历；2.精通Python，3年以上开发经验、2年以上专职Python开发经验，熟悉基于Python代码的性能分析和优化；3.具备优秀的编程习惯，具备较强的研发与设计能力，有代码洁癖者优先；4.具备缜密的逻辑思维，具备优秀的分析、解决问题的能力；有技术管理经验者优先；5.熟悉数据库事务和锁机制，有基于关系型数据库开发大型应用的经验；有基于PostgreSQL开发经验者优先；6.具备良好的服务意识、责任心、较强的学习能力、优秀的团队沟通与协作能力、能承受一定的工作压力；
python爬虫开发工程,https://www.lagou.com/jobs/6486196.html,宝山区,12k-18k,上海能良电子科技有限公司,3-5年,本科,leader nice 奖金,职位信息1、 负责互联网站、网页、链接的特征挖掘；负责设计和开发分布式的网络爬虫应用，包括调度、抓取、入库等内容，进行互联网相关信息的抓取和分析。3、 实现大规模文本、图像、数据的抓取、抽取，去重、分类，垃圾过滤，质量识别、解析入库等工作 。4、 提供分布式爬虫和数据采集系统的技术实现方案；5、 分析静态网页结构，解析网页数据，对数据进行过滤，去重，结构化处理； 任职要求：1. 扎实的Python基础，熟悉多线程编程环境，熟悉常见开源框架；熟悉JAVA/GO等其他一门编程语言优先；了解主流react等前端框架优先；2. 熟悉抓取原理及技术，熟悉Scrapy、Pyspider、nutch等主流爬虫框架使用，有获取电商数据经验。3. 能够解决反爬虫、网络异常等各种常见爬虫问题4. 熟练使用Mysql 、mongodb、 Redis等数据库；了解Storm/Spark等大数据相关技术。5. 具有构建分布式爬虫系统的经验，具有海量高并发网页爬取项目经验优先;6. 具备较好的数据分析能力和解决问题的能力、具有机器学习、数据挖掘等经验者优先7. 有过1年以上3-5人团队管理经验优先；
PYTHON开发工程师 SH,https://www.lagou.com/jobs/6326934.html,黄浦区,15k-30k,上海茗日智能科技有限公司,1-3年,本科,人工智能、前沿科技、技术大牛、交通便利,"任职要求:1、二类本科以上学历；2、英语六级以上水平；3、精通Python语言，具有扎实的计算机基础和编程能力，熟悉常见的算法与数据结构，具有优秀的逻辑思维能力。4、熟悉Tornado框架开发, 熟悉HTTP与Websocket协议, 熟练掌握MySQL等主流数据库。5、熟悉Linux、Git、Web开发流程, 熟悉RESTful API设计，有过互联网业务系统或相关技术产品开发经验。6、有良好的编程风格，能够书写规范、优质的代码。7、自我学习能力强，有较强的工作责任心和良好的沟通协调能力，能够快速定位问题并高效解决问题。8、加分项：即时通信系统、智能对话系统、服务平台化相关开发经验。我们是谁：- 我们是一家尚处于Stealth mode的初创企业。- 我们使用人工智能来打造真正有价值的服务，详细看法见《人工智障2:你看到的AI与智能无关》 https://mp.weixin.qq.com/s/tFcVohNjdhvBE_INQk9muQ （所有岗位申请者必看，未看勿投，以节约彼此时间）- 我们即将进入高速增长期，希望能招募彼此认同的团队成员来加速这个过程。我们的客户：- 我们在和世界100强的跨国企业共同打造下一代的智能化服务。- 他们是在各自行业里最顶尖的品牌和企业，已披露的商用客户包括宝马集团和Visa。- 这些顶尖的品牌正在面向未来设计智能化的服务，我们很高兴能成为其中的关键队友。你会得到：1、参与世界顶尖品牌最前沿的智能化项目的经验，类似“xx的第一个人工智能服务”。2、与这些顶尖企业的创新部门和前沿研发部门，组成联合团队共同探索跨时代的产品。3、通过你的产品设计或代码直接影响那些大品牌的终端用户群。4、获得大量的可供迅速成长的空间。如果你对我们感兴趣：1、烦请确认你符合上述【任职要求】的必须项；2、请在联系我们前，仔细阅读【公司介绍】；"
高级Python开发工程师,https://www.lagou.com/jobs/6396008.html,嘉定区,15k-25k,上海九曳电子商务有限公司,3-5年,本科,待遇好、氛围好,岗位职责：1、负责公司视频电商产品服务端的开发和维护；2、根据需求设计软件架构并对现有框架进行持续优化；3、负责新技术的探索和项目难题攻关。    任职要求：1、对Tornado等异步HTTP WEB引擎有丰富的实践经验，对asyncio，uvloop有深入的理解；2、开发过视频、社交或电商类APP，并担任主要角色；3、本科及以上学历，4年以上开发经验；4、熟练掌握redis等缓存技术，并有丰富的大型项目应用经验；5、熟悉敏捷开发流程，善于沟通，有管理意识；6、精通软件版本管理，熟练掌握 Git 命令，良好编码习惯，注重测试。
python开发工程师,https://www.lagou.com/jobs/6064777.html,浦东新区,10k-18k,深圳市雪球科技有限公司,1-3年,本科,"五险一金 商业保险,活力团队,季度团建","岗位职责：
 对业务模块进行需求分析并对需求进行详细设计
 根据需求和设计完成项目代码实现及单元测试
 参与评估项目技术难点，技术分析和指导、攻关技术瓶颈，系统重构和优化
 研究应用架构的发展方向，提出主动的架构改进/演化方案，确保系统的健壮性和可扩展性
任职要求：1. 有三年以上的开发经验，精通python开发语言,熟练运用django，flask等进行开发2. 熟悉MySQL，Postgresql，MongoDb，redis等主流数据库基本原理，具备数据库应用、设计能力3. 了解常用的异步框架，负载均衡，线程安全，消息中间件等技术4. 熟悉linux基本操作，有算法基础，会使用容器技术5. 熟悉HTML,JS，CSS等WEB开发者优先6. 具有良好的编码习惯，注重代码的复用，关心系统的可维护性和健壮性。7. 善于学习先进的软件开发技术和理念，具有良好的创新能力、良好的人际沟通能力及团队协作能力，能承受工作压力，具有敬业精神和质量意识。性格外向开朗，乐于分享，积极主动，工作认真负责。"
Python高级开发工程师,https://www.lagou.com/jobs/6086122.html,静安区,15k-30k,江曲投资咨询（上海）有限公司,5-10年,本科,活力团队，技术牛人,"岗位职责:* 根据需求，进行后端API的设计和开发* 对已有系统进行维护* 完成Test Case编写，保证代码质量* 监控系统性能，对性能进行优化 岗位要求：* 至少具有5年以上Python网站开发经验* 至少熟悉一种Python框架* 熟悉MySQL数据库设计和查询优化, 会ORM框架sqlalchemy更好* 熟悉基于Rabbitmq的开发* 熟悉ElasticSearch索引的创建和查询* 具有较强分析和解决问题的能力* 具有较强API设计的能力* 具有英文技术文档读写的能力"
Python开发工程师,https://www.lagou.com/jobs/4088383.html,虹口区,7k-14k,上海宏路数据技术股份有限公司,不限,不限,扁平化 成长快 氛围好,职责：• 负责相关系统的设计与开发，包括基于linux操作系统的脚本开发• 按照规范及设计文档完成编码工作，对代码质量负责，并按照规定提交相应的开发文档要求：• 熟悉Python语言及Django框架• 熟悉WEB标准，对使用CSS进行页面布局具有一定经验• 熟悉至少一种Bash/PHP/JavaScript/Ruby脚本语言• 熟悉SQL语言，熟悉MySQL的使用，能够分析SQL语句的性能• 熟悉至少一种linux发行版• 持续关注某开源领域相关技术及其发展• 关注代码/系统性能或服务架构设计优秀应届生亦可工作态度• 具备良好的人际交往、语言表达和沟通能力• 具备高度的责任心、诚信的工作作风、优秀沟通能力及团队精神• 愿意接受挑战性的工作，能够高效及时完成工作
高级Python工程师,https://www.lagou.com/jobs/6417021.html,静安区,15k-25k,搜股（上海）科技有限公司,3-5年,本科,移动互联网+组织架构扁平化,1. 负责公司大规模爬虫数据采集系统前后端功能及模块接口的开发工作；  2. 参与爬虫及搜索系统前后台技术框架和实现方案，负责设计并实施技术规范；3. 参与过类似于八爪鱼或者神箭手的网络爬虫工具的开发或者垂直搜索引擎的系统开发;4. 负责分布式网络爬虫架构设计选型、部署实施、功能开发及优化；  5. 设计数据采集策略，提升数据采集效率及质量6. 通过逆向、图像识别等技术对多平台信息进行采集7. 负责指导和协调其他工程师爬虫工作8. 精通Python或其他爬虫常用开发语言，并能够快速学习掌握新开发语言  工作地址
高级Python开发工程师,https://www.lagou.com/jobs/6277455.html,嘉定区,16k-23k,上海睿畜电子科技有限公司,3-5年,本科,工作餐，定期团建,工作职责：1.负责分解、设计和优化公司系统架构和业务架构;2.负责业务系统的规划设计，完成核心业务模块框架搭建与编码;3.解决业务系统的技术问题，保证系统的性能和稳定性;4.提升团队技术，制定开发规范，输出技术方案；任职要求：1、3 年以上 Python 后端开发经验，有大型系统架构经验、微服务经验者优先； 2、有 DevOps 实践经验，且熟悉 Kubernetes 者优先；3、熟练掌握数据库设计和性能优化；4、熟悉分布式系统的设计和应用，熟悉分布式、缓存、消息队列等机制； 5、掌握Linux 操作系统和分布式数据库；有较强的分析设计能力和方案整合能力； 6、有强烈的责任心，具有owner精神，主动承担，并有良好的抗压能力，深入思考并解决问题；7、具备良好的沟通技能及团队协作意识，擅长跨部门协调工作；
高级python开发工程师,https://www.lagou.com/jobs/5868877.html,浦东新区,18k-25k,达而观信息科技（上海）有限公司,5-10年,本科,AI准独角兽 技术氛围浓 优秀伙伴,职位描述：1、负责公司企业级应用产品对大型企业客户的开发、部署、技术交付工作（泛NLP、OCR、RPA、推荐、搜索、知识图谱、大数据系统等相关的产品和项目）；2、负责业务需求分析，将业务需求拆分成独立的业务功能，并负责相关的开发等工作；3、参与核心技术问题的攻关，架构设计，系统优化，协助解决项目开发过程中的技术难题；4、配合项目的整体计划和安排，对业务人员进行技术指导；岗位要求：1、计算机相关专业、本科及以上学历，3年以上后端开发经验，有leader经验者优先；2、熟悉Python后端开发，或C++基础扎实并有意向用python进行后端开发，工程代码能力优秀；3、熟悉SQL，熟悉Orcale、DB2、SQLSERVER、Mysql数据库应用开发中至少一个；4、熟悉linux/Unix常用操作命令，了解shell；5、具有高度的责任感，工作积极主动、学习能力强、善于总结，有规范化文档编写良好习惯；6、能够接受短期出差或驻场开发工作（华东区域，连续在外一般最长不超过2个月，短则2-3天）
高级Python工程师,https://www.lagou.com/jobs/6295175.html,徐汇区,22k-30k,上海大岂网络科技有限公司,5-10年,本科,"超长年假,培训多,发展空间大",职位描述：1.架构设计，核心技术问题攻关，协助解决项目开发过程中的技术难题，迭代优化平台功能； 2.根据平台发展需求，探索新兴技术并应用于项目中，服务客户的需求。任职要求：1、熟练使用Python语言，有实际Python Web项目经验，有智能客服、视频会议等系统开发经验者优先； 2、熟练掌握至少一门Python web开发框架（Django、Flask、Tornado等）； 3、熟悉使用MySQL/PostgreSQL/Redis/MongoDB；4、有独立分析和解决问题的能力，良好的沟通能力和团队合作精神，目标导向注重结果。
python高级开发工程师,https://www.lagou.com/jobs/4965452.html,普陀区,25k-50k,上海牛咖信息科技有限公司,3-5年,本科,"技术大牛,弹性工作,领导耐撕,奖金丰厚","职位职责:1、负责Uki产品的服务端研发；2、深入发掘和分析业务需求，撰写技术方案和系统设计；3、根据产品需求，进行系统设计和编码；4、持续对系统架构进行改造和优化；任职要求:1、二年以上开发经验，一年以上的Python开发经验；数学、物理和统计学专业优先；2、具备良好的基本功，熟练使用基本的数据结构和算法，深入理解多线程、Socket等相关技术；3、具备良好的编码习惯，结构清晰，命名规范，逻辑性强，代码冗余率低；4、熟练掌握Django, Flask, Sanic, Tornado，Celery等主流框架，深入理解框架实现原理及特性；熟练使用python的常用库5、熟悉AsyncIO等高级特性，深入理解各种设计模式和应用场景。6、有大规模分布式系统的开发和高可用相关的实践经验，具备设计复杂系统的能力；7、熟练掌握MySQL数据库，具备MySQL索引优化、查询优化的能力；8、熟练掌握一种以上非关系型数据库，如Redis, MongoDB，理解其使用场景及限制；9、熟悉分布式系统，熟练掌握一种以上服务框架和消息中间件，了解其实现原理；10、熟悉Internet常用协议，如HTTP、TCP/IP、熟悉RESTful规范；11、有以下经验者优先：① 具有golang实际工作经验；② 具有大规模分布式系统的调优经验；③ 熟悉大规模分布式系统架构设计，熟悉CAP、Quorum、Consistent Hashing等原理和算法。"
高级python开发工程师,https://www.lagou.com/jobs/6360921.html,长宁区,20k-35k,江西点内人工智能科技有限公司,3-5年,本科,氛围融洽，前景好,职位描述：1. 负责公司系统的架构、设计以及开发⼯工作； 2. 解决项⽬中的技术风险，并提供性能优化、安全性建议。任职要求：1.本科及其以上学历，计算机相关专业；2.五年以上工作经验，精通 Python 语⾔开发；3.熟悉多种 Web 框架使⽤，如 Flask、Django、Tornado 等；4.熟悉数据库以及各类中间件，如 MongoDB、MySQL、Redis、Kafka 等；5.拥有很强的分析问题和解决问题的能力，强烈的责任感； 6.拥有良好的团队合作精神和表达沟通能⼒；7.熟悉 DICOM 协议或有相关开发经验优先；8. 善于钻研和探索，了解其他语⾔如 Kotlin 者优先。
白盒测试开发 Java/C++/Python,https://www.lagou.com/jobs/6439338.html,长宁区,20k-35k,泰为信息科技（上海）有限公司,5-10年,本科,外企车载公司 福利健全 出国机会,"Responsibility:                                                                                                                  1)As a member of the offshore Whitebox QA team in China, participate in the testing of the backend components powering TeleNav GPS application on automotive device2)Be a core part of the product team to write test cases for new features.  3) Run automated regression tests, against existing features. 4)Set up, configure and maintain our test environments.5)Develop and improve our test automation framework.6) Automate manual test cases.7)Find and report bugs, and work with developers to help debug and resolve them.8)Improve automated regression coverage and reduce manual testing effort9)Work closely with development team to review design documentation and participate in regular code reviews                                                                                                        Requirements:                                                                                             1)BS with 5+ year experience or MS with 3+ year experience in software industry, with at least 2-3 years of programming experience in C++ /Java/Python2) Familiar with automation test frameworks such as GTest/Junit/TestNG/JMeter3)Familiar with RESTful service4) Have experience with OAuth/AWS/Hive is preferred5)Familiar with Unix/Linux environment is preferred6)Familiar with RDBMS is preferred7)Familiar with SDLC & Agile8)Familiar with bug reporting tools such as Jira.                          9)Ability to achieve results, meet deadlines, and adjust to quickly changing priorities in a fast-paced engineering environment10)Self-driven, will work under minimum supervision and finds creative solutions to interesting problems.                                   11)Motivated team player with excellent communication skills both in Chinese and English"
白盒开发测试 Java/C++/Python,https://www.lagou.com/jobs/6439333.html,长宁区,20k-35k,泰为信息科技（上海）有限公司,5-10年,本科,外企车载公司 福利健全 出国机会,岗位职责：  1)作为中国白盒QA团队成员，参与汽车设备TeleNav GPS应用后端组件的测试2)成为产品团队的核心成员，为新特性编写测试用例3)针对现有特性运行自动回归测试4)建立、配置和维护我们的测试环境5)开发和改进我们的测试自动化框架6)自动化手动测试用例7)发现并报告bug，并配合开发人员进行调试和解决8)提高自动回归覆盖率，减少手工测试工作量9)与开发团队紧密合作，审核设计文档，并定期参与代码评审 岗位要求：1)本科以上学历，5年以上软件行业工作经验;或硕士以上学历，3年以上软件行业工作经验，至少2-3年C++/Java/Python编程经验2)熟悉GTest/Junit/TestNG/JMeter等自动化测试框架3)熟悉RESTful服务4)有OAuth/AWS/Hive经验者优先5)熟悉Unix/Linux环境者优先6)熟悉Unix/Linux环境者优先7)熟悉软件开发生命周期及敏捷开发8)熟悉软件生命周期及敏捷开发模式，Jira等bug报告工具9)能够在快节奏的工程环境中取得成果，按时完成任务，并适应快速变化的优先级        10)自我激励，能在最低限度的监督下工作，能创造性地解决有趣的问题11)积极的团队合作精神，良好的中英文沟通能力
Python开发高级工程师,https://www.lagou.com/jobs/6123021.html,徐汇区,15k-30k,上海数旦信息技术有限公司,3-5年,本科,"年终奖金,股票期权,优秀团队,金融科技",【岗位职责】1、负责后端功能的开发、性能优化和单元测试2、负责后端的需求和设计3、负责后端相关的技术攻关和技术指导4、负责后端相关文档编写【任职要求】1、全日制本科及以上学历，计算机或相关专业2、2年以上Python开发相关工作经验，精通Python，编程功底扎实4、熟悉Linux开发环境，熟悉MongoDB、Redis等分布式存储和NoSQL数据库技术5、具备极强的编程能力、学习能力和抗压能力6、有大流量、高并发、高性能的分布式系统的设计和开发经验者优先7、有金融类大数据平台开发经验优先8、有项目管理经验优先
python开发,https://www.lagou.com/jobs/6353970.html,浦东新区,15k-22k,普华永道信息技术（上海）有限公司,3-5年,本科,跨国团队 美国工作机会,"Knowledge Preferred: Python 2.7 or 3.5 (or above);Web frameworks such as Django, Flask and Tornado;Asynchronous programming libraries such as gevent and asyncio;ORM libraries such as SQLAlchemy; Relational databases such as PostgreSQL, MySQL and Oracle;NoSQL database such as MongoDB;RESTful API or GraphQL;Familiar with Microservices and container technologies;GCP/AWS/Azure experience or knowledge is a plus.Skills Preferred:Software applications building including appropriate coding standards, unit tests, integration tests and deployment scripts; Defining software architectures, collaborates with other team members and managers to explore existing systems, determines areas of complexity, potential risks to successful implementation, and the applications capabilities; Translates designs and style guides provided by the UI/UX team into functional user interfaces, ensuring cross browser compatibility and performance; Communicates continually with the client and project teams and present progress of the development effort."
python架构师,https://www.lagou.com/jobs/6338616.html,徐汇区,30k-45k,上海众言网络科技有限公司,5-10年,本科,架构搭建氛围nice,1.负责业务系统架构设计和落地；2.系统核心部分代码编写、指导和培训工程师、不断进行系统优化；  职位要求 1.211院校，本科（含）以上学历，计算机相关专业；2.5年以上Python开发经验，2年以上架构设计经验；3.精通web开发框架（django/tornado/flask）4.精通基于Python代码的性能分析和优化；5.熟练掌握 MySQL、MongoDB、Redis 等常见数据库6.有大流量RESTful 服务设计、开发经验7.熟悉Linux平台环境下的开发，Shell编程；8.熟悉kubernetes；9.了解异步框架、集群与负载均衡，消息中间件等技术；10.具有复杂项目的管理经验以及跨部门合作能力和沟通能力
Python高级开发工程师,https://www.lagou.com/jobs/6441690.html,闵行区,15k-30k,上海灏程信息科技有限公司,5-10年,大专,扁平化管理、做五休二、生日及过节红包,"工作内容：1、负责公司用户端业务接口的功能开发和代码维护，能独立完成子系统和功能模块开发，编写完整的接口文档；2、根据需求制定技术方案，项目计划以及开发,学习研究最新技术，并将之应用到工作当中3、根据产品需求，进行系统设计和编码, 持续对系统架构进行改造和优化4、具备良好的编码习惯，结构清晰，命名规范，逻辑性强，代码冗余率低； 岗位要求：1、3年及以上Python开发经验，熟练Flask，Django, Sanic, Sqlalchemy，Celery等主流框架, 深入理解框架实现原理及特性, 熟练使用python的常用库, 熟悉网络爬虫2、熟悉Internet常用协议，如HTTP、TCP/IP、熟悉MySQL、Redis等，具备数据库应用、设计能力3、理解并能应用RESTFul规范,具备较强的编程能力和良好的编码风格4、熟练掌握Python语言及web相关技术栈5、善于团队合作与管理，对新技术有强烈的探索欲望，责任心强，能够承受工作压力，有强烈的责任心6、了解异步框架Async,集群与负载均衡,消息中间件等技术7、不了解异步框架的请慎投，谢谢！"
高级Python开发工程师 (MJ000124),https://www.lagou.com/jobs/6125363.html,长宁区,15k-30k,上海晓途网络科技有限公司,3-5年,本科,氛围好 年轻团队 扁平管理 快速成长,【职位描述】1.根据业务需求，进行技术编码，调试，单元测试，能够解决核心技术问题；2.运用项目开发相关工作技能，及时发现设计工作中的问题，提出解决问题的途径；3.主动与业务部门保持沟通，根据业务需求分析系统要点及系统开发点；4.参与技术需求的调研，技术可行性分析，系统架构的设计、优化；5.完成模块详细设计与开发。【职位要求】1.本科及以上学历，计算机或相关专业，3年以上Python开发经验，熟悉Python性能调优；2.熟悉分布式、微服务、高性能Web服务的开发，有一定的系统架构设计能力者优先；3.至少熟悉Python主流框架Django/Flask中的一种；4.熟练掌握MySQL数据库，熟悉数据库建模，具备深厚的SQL功底，并有着丰富的数据库设计经验，了解MongoDB/Redis等NoSQL的数据库，熟悉不同类型数据库的底层运行原理和优缺点；5. 熟悉Linux操作系统，掌握TCP/IP、网络、多线程、多进程、协程编程、异步编程模型；6.具备良好的沟通能力、较强的抗压能力，积极向上，认真负责。【更多福利】定期分享：组织行业或专业分享会，共同学习才能有进步职业发展：优秀员工、优秀团队、灵活的晋升与调薪机制丰厚奖金：项目奖金、年终奖、期权计划员工关怀：年度体检、生日会、节日礼物、Team Building、结婚生育礼金、抚恤金节日假期：法定假期、额外补充年假、带薪病假、姨妈假、“38”节假期【我们的团队】信用飞是一家垂直于航旅领域的消费金融科技公司，致力于“科技让金融更简单”来提高飞行人群的金融体验。在金融领域，信用飞是京东金融战略合作伙伴；在航空领域，信用飞是春秋航空、航班管家、东方航空、首都航空等多家航司的优质合作伙伴，为飞行人群提供在航空场景支付、分期、借贷等金融服务。信用飞致力于用科技优化航空金融，让更多人在飞行过程中享受更好的权益和服务，越飞越有钱。团队由来自春秋航空、携程、腾讯、阿里巴巴、网易、渣打银行、滴滴出行等行业精英组成，目前业务迅速扩张中。【技术团队】技术氛围浓厚，团队成员背景及技术水平优秀，由来自腾讯、阿里、2345、富友支付等行业技术精英组成，团队不定期举办各类技术分享会以及外部技术大牛培训会，擅于分享，一起学习，共同成长~【工作地点】长宁区淮海西路432号凯利大厦4楼（地铁3号线、4号线、10号线虹桥路站4号出口步行400米，地铁11号线交通大学站5号出口步行800米）
python后端,https://www.lagou.com/jobs/6309365.html,闵行区,15k-25k,上海云轴信息科技有限公司,1-3年,本科,阿里云投资、对标欧美企业福利、扁平化管理,岗位职责：负责云计算后台IaaS开发工作根据需求，实现IaaS存储、网络、虚拟化相关功能岗位要求：211、985本科/硕士，通信、计算机等相关专业全日制本科学历；熟悉Linux，熟悉网络、存储、虚拟化相关子系统者优先；熟悉虚拟化、云计算、计算机网络、操作系统基本原理。
高级Python开发工程师--抖音上海,https://www.lagou.com/jobs/4955947.html,黄浦区,25k-50k,北京字节跳动科技有限公司,3-5年,本科,六险一金，弹性工作，免费三餐，租房补贴，带薪休假，休闲下午茶，扁平管理，过亿用户，职业大牛，晋升空间，团队氛围好，优厚薪资,
Python开发工程师,https://www.lagou.com/jobs/4135794.html,黄浦区,20k-40k,行吟信息科技（上海）有限公司,1-3年,本科,"六险一金,年底多薪,租房补贴,发展空间大","1、熟练使用 Python语言；2、熟悉 RESTful 服务，深刻理解 MVC、OOP、AOP 等概念, 了解微服务架构理念以及实现技术；3、熟练使用关系、文档性数据库；4、熟悉缓存、消息队列、定时任务等相关技术；5、能独立分析问题, 善于研究业务, 分析产品；6、为人踏实, 善良正直, 热爱学习技术, 长期关注技术的发展趋势；7、github 与 stackoverflow 贡献者优先，对开源社区有贡献者优先。"
高级Python开发工程师,https://www.lagou.com/jobs/4049446.html,黄浦区,25k-50k,北京字节跳动科技有限公司,3-5年,本科,六险一金，餐补，租房补贴，带薪休假，休闲下午茶，过亿用户，职业大牛，团队氛围好，优厚薪资,
PYTHON开发工程师 资深SH,https://www.lagou.com/jobs/6326911.html,黄浦区,20k-36k,上海茗日智能科技有限公司,3-5年,本科,人工智能、前沿科技、技术大牛、五险一金,"任职要求:1、二类本科以上学历；2、英语六级以上水平；3、精通Python语言，具有扎实的计算机基础和编程能力，熟悉常见的算法与数据结构，具有优秀的逻辑思维能力。4、熟悉Tornado框架开发, 熟悉HTTP与Websocket协议, 熟练掌握MySQL等主流数据库。5、熟悉Linux、Git、Web开发流程, 熟悉RESTful API设计，有过互联网业务系统或相关技术产品开发经验。6、有良好的编程风格，能够书写规范、优质的代码。7、自我学习能力强，有较强的工作责任心和良好的沟通协调能力，能够快速定位问题并高效解决问题。8、加分项：即时通信系统、智能对话系统、服务平台化相关开发经验。我们是谁：- 我们是一家尚处于Stealth mode的初创企业。- 我们使用人工智能来打造真正有价值的服务，详细看法见《人工智障2:你看到的AI与智能无关》 https://mp.weixin.qq.com/s/tFcVohNjdhvBE_INQk9muQ （所有岗位申请者必看，未看勿投，以节约彼此时间）- 我们即将进入高速增长期，希望能招募彼此认同的团队成员来加速这个过程。我们的客户：- 我们在和世界100强的跨国企业共同打造下一代的智能化服务。- 他们是在各自行业里最顶尖的品牌和企业，已披露的商用客户包括宝马集团和Visa。- 这些顶尖的品牌正在面向未来设计智能化的服务，我们很高兴能成为其中的关键队友。你会得到：1、参与世界顶尖品牌最前沿的智能化项目的经验，类似“xx的第一个人工智能服务”。2、与这些顶尖企业的创新部门和前沿研发部门，组成联合团队共同探索跨时代的产品。3、通过你的产品设计或代码直接影响那些大品牌的终端用户群。4、获得大量的可供迅速成长的空间。如果你对我们感兴趣：1、烦请确认你符合上述【任职要求】的必须项；2、请在联系我们前，仔细阅读【公司介绍】；"
高级python开发工程师-SH415-41509,https://www.lagou.com/jobs/4120720.html,黄浦区,20k-40k,上海点融信息科技有限责任公司,3-5年,本科,"前景好,福利好",岗位职责1、参与公司内部工具开发2、参与公司内部Web系统的开发和维护3、基于Web的API接口开发岗位要求1、编程基础扎实，良好的计算机理论基础；2、两年以上使用 Python 开发经验3、具有出色的抽象设计能力，思路清晰，善于思考，能独立分析和解决问题4、对技术充满热情，自我驱动，quick learner，自信面对未知挑战5、熟练使用 Flask & Sqlalchemy & Celery & RabbitMQ，能够实现高质量的后端6、熟练使用 Javascript & CSS & HTML，利用前端框架（如 vue、react等）高效&可靠的实现产品需求。
python爬虫,https://www.lagou.com/jobs/6421337.html,虹口区,10k-20k,上海纳纳科技有限公司,1-3年,本科,平台好 业务稳 氛围好 福利多,职位描述：1、参与爬虫项目的架构设计、研发、编程工作，改进和提升爬虫效率；2、设计爬虫策略和防屏蔽规则，提升网页抓取的效率和质量；3、负责后台爬虫数据的分布式存储设计以及代码实现；4、负责网页采集任务的分析及采集方案设计；5、负责分布式爬虫策略持续优化。任职要求：1、熟悉多线程、网络编程，精通网页抓取原理及技术的实现细节；2、熟悉基于规则的网页信息抽取，精通正则表达式；3、从结构化的和非结构化的数据中获取信息，对网页数据抓取、信息提取、去重、清洗有一定经验；4、了解分布式计算和储存技术以及相关原理；5、热爱互联网，对搜索技术和探索未知领域有浓厚兴趣。
python 高级开发工程师,https://www.lagou.com/jobs/5286580.html,浦东新区,20k-35k,上海基分文化传播有限公司,不限,本科,行业独角兽,"岗位职责：1.负责音视频/视觉相关算法工程化项目的后端开发、日常维护2.产品架构、性能、安全、扩展等优化的设计和实现任职要求：1、本科及以上学历，计算机、通信等相关专业；2、有扎实的编程能力，有优秀的设计和代码品位；3、深刻理解计算机原理,有良好的数据结构和算法基础；4  熟悉 flask / kafka/ postgresql / mongodb 等技术栈5  热爱编程，有较强的学习能力，有强烈的求知欲、好奇心和进取心 ，能及时关注和学习业界最新技术6  积极乐观，责任心强，工作认真细致，具有良好的团队沟通与协作能力7  有图像处理/视觉开发项目经验者优先"
爬取工程师（Python）,https://www.lagou.com/jobs/6418461.html,浦东新区,20k-30k,上海贝耳塔信息技术有限公司,3-5年,本科,股票期权 丰厚奖金 五险二金 金融科技,"岗位职责：1、负责针对垂直行业资讯和数据的抓取，全网数据抓取及数据架构设计等核心工作，包括爬取、结构化提取和内容分析等相关功能；2、参与数据层建设，专注于抓取平台建设和行业垂直领域数据爬取、清洗、分析、归纳并负责核心编码实现；3、负责抓取策略设计、更新和维护；4、负责设计和开发网络爬取，解决实际开发过程碰到的各类问题。 任职要求：1、本科及以上学历，3年及以上大数据开发经验，软件工程/计算机/通信/数学等相关专业；2、熟悉Python语言，熟悉Linux系统、Shell等脚本语言；3、熟练掌握主流开源爬虫框架，如Scrapy等，有分布式爬虫架构经验者优先；4、熟练掌握数据库存储（如：MySQL或SqlServer），缓存（如：Redis ），具备数据库设计和优化能力；5、熟悉tcp/ip, http, xml，json等网络标准/协议，熟悉动态页面渲染技术和页面结构化抽取技术；6、有大型爬虫系统设计和实现经验，对爬虫、网页分析、反爬虫策略调优有丰富经验。"
Django/Python/后端开发,https://www.lagou.com/jobs/1565393.html,静安区,20k-35k,耘智信息科技（上海）有限公司,3-5年,本科,发展前景好、学习发展快,"We’re looking for Backend Engineer talent, who can write well-written code, to develop the brain of Seedlink’s product. Working with data science researchers, you’ll invent and implement algorithms, systems and machine learning models to analyze big data. The systems you develop will be exposed to clients via REST API. You will have the chance to provide input on architecture, design, and project execution, building a data-centric application using modern REST APIs.Responsibilities• Design, write and test new features• Measure, diagnose and improve API performance and availability• Work with the team for planning and road-mapping• Work independently and proactively solve issues and bugsRequirements• 3+ years of practical experience in Backend Web Development• Bachelor’s/Master’s Degree in Computer Science, Engineering or equivalent industry• Experienced in usingo HTTP/ REST/ JSON APIso PostgreSQL/ MySQLo Python/ Djangoo Linux (Ubuntu)o Version Control: Git• Broad and deep knowledge of web technologies, methodologies and standards• Strong software development and application architecture experience• A self-starter who enjoys working in a team• Good English language skillsNice To Have• Experienced in Web Service Scaling• Experienced in building Enterprise Architecture & highly scalable website• Experienced in Panda, Numpy, Scipy• Aliyun/ Amazon Web Service"
Python数据开发工程师,https://www.lagou.com/jobs/6096855.html,普陀区,15k-30k,上海牛咖信息科技有限公司,3-5年,本科,"领导逗比,氛围欢乐,扁平结构,绩效奖金","岗位职责：1. 参与/负责数据仓库ETL（数据抽取、加载、清洗、转换）处理任务的设计和开发工作；2. 参与/负责数据报表的设计和开发工作；3. 参与/支持相关BI业务分析的开发和实施工作；4. 精通Python/Go开发语言；5. 参与/支持BI后台页面开发;任职要求：1. 计算机、统计学、数学、应用数学相关专业优先；2. 善长多核并行开发;3.掌握数据库基本知识,对数据库底层结构有较深理解和认知；4.善长MongoDB、Mysql、Redis等数据库地使用,具有数据模型设计的能力；5.精通SQL语句编写,并具备优化能力；6.熟悉Linux操作系统常用命令；7.有Hadoop、Spark等海量数据处理工具的工作经验优先；8.有ClickHouse的使用经验优先；9.工作严谨细致,有责任心,勤奋踏实,善于思考问题,具有团队合作精神，能承受一定的工作压力。"
python开发经理,https://www.lagou.com/jobs/6217857.html,杨浦区,25k-37k,学识堂科技（上海）有限公司,5-10年,本科,发展空间大，下午茶,"岗位职责： 1.系统需求分析与设计，核心模块的开发工作； 2.根据开发进度和任务分配，完成相应模块的开发、编程、测试任务，解决关键问题和寻找技术方案 职位要求:1.本科以上学历，四年以上编程经验; 有过项目管理或者人员管理经理2.精通python语言, 有扎实的编码能力，深入理解任一python框架； 3.熟练使用至少一种数据库（MySQL/PostgreSQL/Redis/MongoDB) 4.熟悉python扩展模块； 5.有独立分析和解决问题的能力，有良好的团队合作精神"
大数据开发工程师（python）,https://www.lagou.com/jobs/6419008.html,浦东新区,30k-35k,上海贝耳塔信息技术有限公司,3-5年,本科,股票期权 年终奖 五险二金 前沿科技,岗位职责：1、负责用户行为分析、客户画像、智能推荐等相关大数据分析及运算开发；2、负责大数据分析体系的规划、设计和建设；3、收集、整理、分析、统计各类数据指标；4、负责大数据分析、自然语言处理、机器学习探索和实现； 任职要求：1、本科及以上学历，3年及以上大数据开发经验，软件工程/计算机/通信/数学等相关专业；2、能熟练使用 python脚本语言开发；3、熟悉Oracle、Sqlserver、Postgre等关系型数据库；4、有hadoop、spark、flink等至少一种大数据平台的使用经验；5、有用户行为分析、客户画像、智能推荐、数据仓库建设、商业数据分析、增长项目经验者优先。6、具备较强的表达能力和抽象总结能力，具备极强的逻辑思维能力；7、有自然语言处理、机器学习经验者优先；
后端开发工程师（Python）,https://www.lagou.com/jobs/5112899.html,杨浦区,15k-25k,上海树融数据科技有限公司,1-3年,本科,"扁平化管理,学习氛围,平衡快乐",职位描述：1、参与公司产品的功能规划、需求分析设计、技术实现和用户体验；2、负责所属模块的代码开发、调试与维护工作；3、参与公司产品的架构优化，性能优化并辅助其他模块进行技术实现；4、协助并完成其他各类技术开发任务。职位要求：1、计算机或者相关专业，统招全日制本科及以上学历，2年以上开发经验；2、熟悉计算机网络原理，了解Web Services工作原理；3、精通Python或Java等开发语言；4、掌握数据库的相关知识，熟悉Mongodb与PostgreSQL;5、具有一定的文档编写能力，良好的问题理解能力，能够理解以及处理复杂逻辑。
Python图像处理开发工程师,https://www.lagou.com/jobs/4091204.html,徐汇区,15k-25k,上海卫莎网络科技有限公司,1-3年,本科,"AI,扁平化,弹性工作制,交通方便",工作职责：1.      承担服务器后端图像处理服务的设计与开发。2.      负责后端图像处理服务的开发、部署和维护。 任职要求：1.      本科及以上学历，信号与信息处理、图像处理、计算机等相关专业2.      2年以上从事图像/视频处理服务设计开发与服务器部署经验3.      具备数字图像处理的基础理论和常用算法知识，良好的数学功底4.      精通掌握Python语言，熟悉OpenCV等主流图像算法库。5.      理解Linux系统，熟悉Docker等容器技术，能熟练部署Web服务。6.      具备良好的识别和设计通用框架和模块的能力。7.      熟悉分布式、多线程、异步及高性能设计，会性能调优。8.      有很强的分析问题和解决问题的能力，强烈的责任感。9.      有良好的团队合作精神和表达沟通能力。10.   宽泛的技术视野，创造性思维，富有想象力。Versa是什么？“马卡龙”是APP Store的2018最佳APP。零门槛的图片算法创作工具。 Versa可以做什么？掌上PS，掌上AE，实时发丝级人物抠像。 谁创造了Versa？格瓦拉产品合伙人CEO蔡天懿，华为芯片算法科学家CTO赵维杰共同创立。 谁在支持Versa？各轮次融资方分别为：真格、红杉、腾讯。Versa的福利有多好？今年年会，我们全员（还带着所有实习生）去布拉格玩了一整周。
Python开发经理,https://www.lagou.com/jobs/6473627.html,杨浦区,25k-30k,上海树融数据科技有限公司,3-5年,本科,"扁平化管理,快速成长,与大牛公事",岗位职责： 1、系统需求分析与设计，核心模块的开发工作；2、根据开发进度和任务分配，完成相应模块的开发、编程、测试任务；3、指导初级开发同事工作，解决关键问题、寻找技术方案。 职位要求: 1、本科以上学历，3年以上编程经验，有过项目管理或者人员管理经验； 2、精通Python语言有扎实的编码能力；3、熟练使用至少一种数据库； 4、有独立分析和解决问题的能力，有良好的团队合作精神。
Python Developer,https://www.lagou.com/jobs/6278702.html,浦东新区,15k-25k,普华永道信息技术（上海）有限公司,3-5年,本科,"外企福利,技术前沿,技术培训","Knowledge Preferred: • Python 2.7 or 3.5 (or above);• Web frameworks such as Django, Flask and Tornado;• Asynchronous programming libraries such as gevent and asyncio;• ORM libraries such as SQLAlchemy;• Relational databases such as PostgreSQL, MySQL and Oracle;• NoSQL database such as MongoDB;• RESTful API or GraphQL;• Familiar with Microservices and container technologies;• GCP/AWS/Azure experience or knowledge is a plus.good oral english skill.Skills Preferred:• Software applications building including appropriate coding standards, unit tests, integration tests and deployment scripts; • Defining software architectures, collaborates with other team members and managers to explore existing systems, determines areas of complexity, potential risks to successful implementation, and the applications capabilities; • Translates designs and style guides provided by the UI/UX team into functional user interfaces, ensuring cross browser compatibility and performance; • Communicates continually with the client and project teams and present progress of the development effort."
Python Web工程师,https://www.lagou.com/jobs/6421727.html,松江区,6k-12k,上海担路网络科技有限公司,不限,本科,"年轻团队,年终分红,晋升空间大,待遇从优","工作内容：1. Web 应用开发2. PaaS云平台开发3. 系统维护、调试-------------------------------------------先决条件：1. 请确保你至少对 Python、JavaScript 这两门语言都有深入学习研究的欲望2. 对 Web 前端的知识及其实现充满好奇，能够对所有技术保持好奇更好3. 技术是为产品服务的，必须要掌握或愿意学习掌握将技术转化为产品的能力对于以上三点有不同看法的，不适合从事该职位。---------------------------------职位要求：1. 思路清晰、主动性强，有缜密的逻辑思维能力，快速的英文阅读能力及学习能力，良好的沟通能力2. 有基本的计算机基础理论知识，熟悉常用数据机构与算法3. 能熟练使用 Python 进行Web程序相关开发，掌握 Django/Flask 等相关框架4. 熟悉 MySQL/PostgreSQL 等关系型数据库，熟悉SQL语言5. 对TCP/IP, HTTP等常用协议有基本的了解，能完整叙述一次HTTP请求从客户端到服务器端所经过的各个环节6. 有基本的前端技能，了解基本的网页设计知识，如 HTML、CSS、JavaScript、jQuery7. 熟悉 ES6，有 Vue.js/React/Angular 至少其中一种的使用经验8. 能够熟练使用 Linux 作为日常开发环境9. 熟悉 Git 的常用操作，了解 GitHub Workflow10. 有基本的程序错误分析排查能力-------------------------------------------优先条件：1. 有1年以上 Django 开发经验者优先2. 有完整的个人业余项目(GitHub Repo)并在线部署运行3. 有为开源项目贡献过代码或者文档者优先-------------------------------------担路的技术及学习理念：- 不做原教旨主义，用合适的工具做正确的事。- 稳中求新，快速迭代。- 持续学习，不给自己设限，对新知识充满不断探索的欲望。--------------------------------------应用开发平台介绍：应用开发平台可以快速开发出一整套可供多个平台使用的应用，包括PC网页版本、手机 网页版本以及小程序版本。全平台适配，数据统一管理，开发流程短，并支持高度自定义，无限扩展其功能，满足各个场景和各个行业的客户的不同需求。--------------------------------------应用开发平台架构：- 数据集（云数据库）做到能够让客户自定义去创建表结构，同时还保证在数据量极速增长的情况下的查询以及写入的性能- 后端运行时基于 Python 3.7, Django 1.11搭 配 asyncio/asyncpg实现系统核 心服务的功能- 云函数方便用户实现自己的业务逻辑，同时做好隔离性，保证出现bug的时候不会波及整个平台的运行情况- 可视化编辑器彻底解放用户在开发的时候对于繁杂表单及界面的处理，同时标准化的接口不会对平台的升级造成阻碍- 前端运行时遵循Vue.js，实现前端组件的线上/线下开发及加载的支持。通过自主研发的可视化 前端开发工具实现组件的可视化布局开发--------------------------------------担路网公司介绍1 互联网时代“互联网+”是创新2.0下的互联网发展新形态、新业态，是知识社会创新2.0推动下的互联网形态演进及其催生的经济社会发展新形态。“互联网+”是互联网思维的进一步实践成果，它代表一种先进的生产力，推动经济形态不断的发生演变。从而带动社会经济实体的生命力，为改革、创新、发展提供广阔的网络平台。中小企业转型应把握以下两个点：（1）顺势而为。（2）互联网思维。2 担路D云系统基于这样的互联网时代背景，担路网从商家的客户入手，为商家提供互联网信息展示、客户挖掘转化、客户关系维护的一体化互联网工具。担路平台的产品功能板块包含以下五点：一、信息展示：包含传统的pc端展示，同步手机端和微信端二、营销模块：基于担路SaaS云架构，我们在商城中心和手机端管理中心开发了多种互联网互动营销活动工具，方便企业进行O2O营销，让企业与客户的关系更加紧密三、客户转化：传统的商城订单、便捷的表单式订单以及独创的推广式组合订单，让购买变得简单，实现流量到销量的转化四、客户管理：自带客户注册系统、与系统同步的会员管理系统和CRM，完全整合您的客户信息五、数据统计：全方位的数据统计分析，让您实时掌握客户的动态为企业提供互联网工具，让供需互动变得触手可及。我们致力于互联网信息展示、客户挖掘转化、客户关系维护，为您打造高性价比的一体化互联网解决方案！“一路担当”是我们的公司文化。自成立以来一直秉持团结、平等、共赢的原则，为每一个伙伴提供全面的发展机会，有专人负责培训，鼓励同事之间相互帮助，共同进步。担路网在上海已经有了一定的知名度，已有近万成功合作商家，尤其在中小型商家中担路网三个字已经有了一定的品牌效应，但是我们依然在路上，我们需要更多的伙伴，更多年轻的有激情有梦想的伙伴加入。公司现在的伙伴都是年轻人，平均年龄24左右，在成立的三年之中，每年的增长率保持在200%以上，公司正在一步步壮大。现公司正处于新一轮的发展之际，需要找到一批核心成员，能够支撑公司的发展需要，现向各大招聘网站发布求贤令，诚邀有志之士的加入，共创一番事业！"
Python架构,https://www.lagou.com/jobs/6365832.html,静安区,20k-30k,易居（中国）企业管理集团有限公司,5-10年,本科,PS、AI、CDR,岗位职责：1、后台服务架构和数据库架构设计和优化2、后台服务功能模块的设计与开发；3、维护所负责的服务模块，并不断持续优化功能系统；岗位要求：1、本科及以上学历、5年以上工作经验；2、熟悉 python 与 django 框架；3、熟悉linux、mysql、nginx等开发工具；4、熟悉redis、mq，nosql，具备高并发处理能力；5、具备一定全栈开发能力，熟悉nodejs优先；6、通用前端技术html/css/javascript/jquery等；
Python后端高级工程师,https://www.lagou.com/jobs/6148167.html,徐汇区,25k-40k,天思（上海）国际贸易有限公司,3-5年,本科,国际化团队，免费英语健身,"职位诱惑:国际化团队,免费英语课,免费健身,Macbook pro最新款职位职责： 1. 设计和开发跨国电商贸易系统；2. 负责数据爬取, 清洗、数据结构化等工作；3. 公司内部提升工作效率的工具开发和维护。职位要求： 1. 编程基础扎实, 良好的计算机理论基础；2. 4年以上服务端开发经验，精通Python开发, 熟悉Django REST framework；3. 具有出色的抽象设计能力, 思路清晰, 善于思考, 能独立分析和解决问题；4. 对技术充满热情, 自我驱动, 不甘平庸；5. 熟悉Linux下Web开发, 熟练使用常用服务端开源组件 ；6. 熟悉MySQL, Postgresql等关系型数据库, Redis, MongoDB等非关系型数据库的使用和基本调优方法。加分项:1. 熟悉全栈技术, 包括Web前端, iOS/Android等；2. 精通爬虫技术；3. 有运维开发经验；4. 熟悉Numpy, Pandas等数据分析, 可视化技术等。"
Python 后台开发工程师,https://www.lagou.com/jobs/6267237.html,徐汇区,11k-20k,上海媒智科技有限公司,1-3年,本科,年底双薪 股票期权 带薪年假 周末双休,工作职责：1、负责公司产品后台开发工作，主要编程语言是 Python、C++ 和 Go；2、参与架构设计，与平台工程师合作优化新旧服务的性能和稳定性。 任职资格：1、扎实的计算机基础知识，了解常用数据结构和算法；2、对多线程、多进程、系统 IO 等优化有相关经验；3、熟悉分布式系统、能处理分布式同步异步问题；4、熟悉 MySQL、Redis、RabbitMQ、Kafka、Elasticsearch 等后端组件的使用，了解基本的设计、优化原则；5、熟悉 Linux 的使用和管理，了解操作系统相关知识；6、熟悉 Git、Jenkins 等持续集成和部署工具，熟悉单元测试；7、热衷性能分析与调优，积极使用新技术提升工作效率；8、良好的团队合作精神与责任感，较好的沟通能力。 加分项：1、开源社区贡献者；2、具备前端开发能力，了解 React、Vue.js 等前端框架；3、具备数据处理和分析能力，了解 pandas、Spark 等使用。
Python中级开发工程师,https://www.lagou.com/jobs/4874171.html,闵行区,12k-18k,上海易路软件有限公司,1-3年,本科,五险一金，加班费，C轮创业，期权激励,岗位职责:1、遵守研发规范、参与产品功能开发；2、根据产品需求，完成基于业务系统或模块的设计和开发；3、与各部门团队成员协同配合，完成迭代开发任务，确保产品的顺利上线。岗位要求:1、熟悉Python语言，有良好的编码风格；2、熟悉后端开发，了解操作系统原理、Linux系统基本操作；3、有良好的沟通、理解能力，有积极的学习态度，愿意主动学习技术知识；5、计算机类相关专业优先。
python后端开发工程师,https://www.lagou.com/jobs/6388737.html,浦东新区,15k-25k,上海昌投网络科技有限公司,3-5年,本科,五险一金 年终奖 周末双休 朝九晚六,"如果你选择加入我们，你将拥有的是：五险一金年终奖自然不用说了嘛每年多次周边团建；不定期吃吃喝喝呦；多种社团活动日哦；更多第一时间理财资讯和分享；一群可爱又逗比的同事与老板；快速提升自我能力与大施拳脚的机会；更多的赚钱方法；还有怼天怼地怼老板哈。岗位职责： 1、负责按照选定的技术路线，用Python编程实现系统服务器端的业务流程；2、负责数据收集机器人的开发工作，大数据相关自动化平台开发；3、根据项目任务计划按时完成软件编码和单元测试工作。任职要求： 1、全日制本科以上，计算机相关专业，扎实的计算机基础知识，2年以上开发经验； 2、精通Python语言，熟悉Linux编程开发环境，有较强的编程能力；有java、.net经验者优先考虑；3、熟练使用一种WEB框架，例如webpy/tornado/django/flask,熟悉常用web开发组件或框架；4、熟悉HTTP、Ajax等相关网络协议和主流前后端通信规范；5、理解常用设计模式，具有服务器端系统开发调试和性能调优经验；6、逻辑思维优秀，有良好的沟通能力和语言表达能力。"
高级Python后端研发工程师,https://www.lagou.com/jobs/2688021.html,浦东新区,10k-15k,上海斗象信息科技有限公司,1-3年,本科,互联网公司，弹性上班，带薪年假，期权激励,"岗位职责：1. 负责斗象科技企业级安全产品相关平台及后端引擎设计与研发工作；2. 对现有系统的不足进行分析，找到系统瓶颈，持续改进系统架构，提高系统性能。任职要求：1. 计算机相关专业，本科以及以上学历 ，1年以上工作经验，对技术研发有极大的热情；2. 熟悉Linux及计算机网络，熟悉Python或Java等至少一种后端开发语言，有后端产品研发经验；3. 熟悉分布式系统的设计和应用，熟悉分布式、缓存、消息等机制；4. 有较强的逻辑思维能力，对技术有强烈的兴趣，具有良好的学习能力；5. 有良好的沟通能力和代码编写规范习惯；6. 具有良好的团队合作能力。加分项：有Spark，Hadoop相关开发经验的优先考虑。来点儿福利：双休、三餐补助、五险一金、年终奖、健康体检、带薪年假、福利病假、员工活动经费、半年一次国内旅游、员工生日会、季度优秀员工奖、过年过节礼品、日常工作中提供零食、咖啡、冷饮免费供应等相关福利。
 具有竞争力的薪水；           
  GeekPlace、硅谷范儿又不失小清新的工作环境；
 让你出其不意又精彩纷呈的节假日活动；
 优秀员工期权激励计划等。
当然，以上都不重要！重要的是，斗象科技给你带来的成长：
 朝阳行业，学习更多最新前沿知识，结识更多顶级人物和事物；
 了解国内安全动态及其背后的故事，让你拥有更敏锐的趋势判断，前提如果你够努力；
 兼具面向企业与面向用户的业务，职场成长经验多倍加成！"
Python高级开发工程师,https://www.lagou.com/jobs/1044917.html,闵行区,18k-28k,上海易路软件有限公司,3-5年,本科,五险一金，加班费，C轮创业，期权激励,岗位职责:1、完成SaaS产品功能技术方案设计与开发；2、遵守研发规范，注重功能完整性和代码运行效率；3、与各部门团队成员协同配合，完成迭代开发任务，确保产品顺利上线； 岗位要求:1、掌握Python语言，有良好的编码风格；2、熟悉面向对象编程方法，熟悉SQL基本应用，了解操作系统原理和Linux基本操作；3、 有良好的沟通、理解能力，有积极的学习态度，愿意主动学习技术知识。4、计算机相关专业，或管理软件开发经验者优先。
高级python后端开发工程师,https://www.lagou.com/jobs/6316569.html,徐汇区,25k-35k,上海众言网络科技有限公司,5-10年,本科,发展空间领导nice 能力提升主人翁角色,岗位职责：1、负责问卷网平台服务端设计和代码实现 ； 2、优化现有产品的功能和体验细节 ； 3、对现有平台进行性能优化 ； 4、积极调研新技术，随时准备用于产品 ； 岗位要求： 1、全日制统招本科及以上学历，计算机、软件工程、信息管理、计算机应用相关专业 ； 2、5年及以上Web服务器端开发经验，有Python经验佳，Java亦可； 3、有丰富的数据库建模经验，有丰富的性能优化经验 ； 4、有扎实的技术功底，做到知其然并知其所以然，能读懂python主流框架源码 ； 5、熟悉分布式系统的设计和应用，熟悉分布式、缓存、消息等机制；能对分布式常用技术进行合理应用，解决问题； 6、具有较深的技术架构思维，确保设计的技术方案、开发的代码有较高性能、质量保障、扩展性，前瞻性 。
Python数据处理工程师,https://www.lagou.com/jobs/6302180.html,浦东新区,20k-40k,上海海知智能科技有限公司,3-5年,本科,人工智能 知识图谱,"工作职责： 1、参与大数据处理系统的数据存储、计算、分析模块的开发与编码工作。 2、参与基于大数据平台的应用的开发，承担部分模块的设计、编码、性能调优。 3、参与公司数据产品的开发与维护。  任职要求： 1、计算机相关专业本科以上学历 2、熟练掌握Python 3、 熟练掌握SQL，至少熟悉一种常用数据库，包括但不限于Mysql、Oracle、MongoDB等。 4、有耐心、进取心，对技术热诚，工作有责任感，有团队协作意识。 5、有志于在数据处理与数据分析方向发展  加分项： 了解数据治理、数据质量管理，有实践经验者更佳 了解常用机器学习、深度学习模型，有文本分类、NLP处理经验者优先 有图数据库或知识图谱应用开发经验者优先 了解Hadoop生态圈技术体系，对离线计算、流式计算有深入理解和数据应用开发经验。 了解Hadoop、Spark、Hive、Impala、Hbase、Elasticsearch、Kafka等常见大数据组件的使用。 了解docker ,k8s。"
python（高级）后端开发-上海,https://www.lagou.com/jobs/6389531.html,徐汇区,15k-25k,上海众言网络科技有限公司,3-5年,本科,中大型客户群体 大客户代表 晋升空间大,岗位职责： 1、负责产品服务器端设计和代码实现 ；2、优化现有产品的功能和体验细节 ；3、积极调研新技术，随时准备用于产品 ；任职要求： 1、具有良好团队合作精神，有高度的责任心，能在开发过程中把控代码质量 ；2、3年以上Web服务器端开发经验， 2年以上python服务端开发经验，有做过saas平台，大并发经验优先 ；3、有丰富的数据库建模经验，有MySQL、MongoDB、Redis使用经验者优先 ；4、了解各种常见算法并能灵活运用 ；5、了解 linux系统（CentOS）常规操作 ；6、有系统优化或重构经验优先 ；7、对行业新技术有浓厚的兴趣，并积极合理的将其引入项目； 8、有自己的开源项目、或者对开源项目有贡献者优先 ；9、有微服务架构设计与开发经验优先 ；
Python后端开发工程师,https://www.lagou.com/jobs/5078846.html,虹口区,15k-25k,上海炫体信息科技有限公司,3-5年,本科,"年轻人,各种补助",1. 3年以上工作经验，本科及以上学历；2. 熟练使用 Linux/Unix ，熟悉常用命令和简单的shell脚本；3. 熟悉Python语言并有实际项目开发经验；4. 熟悉常见web框架（如tornado/flask）并了解其优缺点，熟悉常用的celery/sqlalchemy等工具；5. 熟悉多种数据库(如MySQL/Cassandra/Redis/MongoDB等)；6. 具备良好的识别和设计通用框架和模块的能力；7. 精通分布式、多线程、异步及高性能设计，会性能调优；8. 有很强的分析问题和解决问题的能力，强烈的责任感。
腾讯云专项工程师/java/php/python,https://www.lagou.com/jobs/6336428.html,宝山区,15k-20k,上海安畅网络科技股份有限公司,1-3年,不限,java php python SDK,"1.负责解决客户使用存储产品的技术调试工作，确保客户服务可正常执行。2.负责收集整理客户问题并产出结论，并沉淀到内部知识库。3.定期统计工单数据和问题点归类，反馈给相关部门进行产品改进。任职资格：1.至少可以使用2种开发语言调试SDK接口，并得到正确的返回结果。（java,c#,php,python,go,ios,android）2.可以使用FTP工具实现FTP服务端搭建，并可通过配置FTP客户端实现文件的上传和下载。3.可以正确的理解referer防盗链功能，并且可以使用curl命令来调试防盗链功能的执行结果。4.可以正确的理解CORS功能，并可以使用curl命令来调试跨域功能，并可以调试且得到执行结果。5.可以正确进行CDN-COS的搭建，并理解其中原理。6.对域名备案的理解，包括大陆范围、海外范围的逻辑。7.对COS抓包排查问题的能力，可使用至少一种抓包工具，来实现问题点抓包，并根据抓包结果分析结论。8.linux系统的基本操作命令。9.能适应三班倒，作息周期做五休二，有夜班补贴。"
python运维,https://www.lagou.com/jobs/6421554.html,黄浦区,15k-30k,成都泽邦创思网络科技有限公司,不限,大专,节日福利，年底十三薪，员工旅行，加班补助,"1、全日制大学专科科及以上学历，计算机相关专业2、精通面向对象程序设计，熟悉常用算法，至少精通Java/Python/C/C++之中的一门语言；3、有大规模分布式系统设计、架构经验；4、对云计算、虚拟化有深入理解与实践，对Openstack/CloudStack/EC2/cloudfoundary等云平台其中之一有实际经验；5、深入理解操作系统，熟悉Windows/Linux；6、熟悉开发流程，良好的团队协作，代码规范，有Scrum经验者优先；7、富有激情和创造力, 学习能力强；8、有IAAS开发经验者优先考虑，有以下任一实际能力优先考虑：9、熟悉常用运维自动化工具如ansible,jenkins等10、熟悉MySQL、mongodb、redis等数据库的原理架构，性能调优、数据迁移及高可用方案；11、了解云平台镜像制作及优化。"
Sr Python Engineer,https://www.lagou.com/jobs/6124622.html,长宁区,20k-40k,励德爱思唯尔信息技术（北京）有限公司,5-10年,本科,15-20天年假，生日，圣诞假，节日福利,"JOB RESPONSIBILITIES • Join a team of driven software engineers to design, prototype, implement, deploy, and maintain features for our NLP or search related projects. • Conduct experiments on large datasets to evaluate the feasibility, results, and performance of NLP technology• Make sound engineering decisions and improve software development practices with an eye for performance and reliabilityTECHNICAL SKILL REQUIREMENTS • Strong Python programing skills. • Hands on Python Frame, like Flask/Django/Celery; Database: NoSQL & SQL. • Hands on Python experience on data analysis & visualization is a big plus. • Experience building software that deals with unstructured text data. • Ability to write code that is efficient and clean. • Ability to work closely with teammates in a highly collaborative environment, as well as providing strong individual contributions. • Able to read English documents.QUALIFICATIONS • At least 3 years work experience. • BS degree or equivalent practical experience in a quantitative field, preferably computer science, information technology. • Experience with Linux is a plus. • Working knowledge of Java or C#. • Experience with distributed computing technology like Hadoop, Hive, Pig or Spark.• Experience with Solr, Elastic Search or any other search engine."
Python后端高级开发工程师,https://www.lagou.com/jobs/6066986.html,虹口区,15k-25k,上海纳纳科技有限公司,3-5年,本科,交通餐饮住房补助 年度旅游 扁平管理,职位描述：1、3年以上工作经验，本科及以上学历；2、熟练使用 Linux/Unix ，熟悉常用命令和简单的shell脚本；3、熟悉Python语言并有丰富的实际项目开发经验；4、熟悉常见web框架（如tornado/flask）并了解其优缺点，熟悉常用的celery/sqlalchemy等工具；5、熟悉多种数据库(如MySQL/Cassandra/Redis/MongoDB等)；6、具备优秀的识别和设计通用框架和模块的能力；7、精通分布式、多线程、异步及高性能设计，会性能调优；8、很强的分析问题和解决问题的能力，强烈的责任感。
python开发工程师,https://www.lagou.com/jobs/6315568.html,浦东新区,10k-20k,上海宽睿信息科技有限责任公司,3-5年,本科,发展空间大,1、良好的自动化意识，构建完整产品自动化流程；2、独立搭建测试环境，根据实际情况对产品实施自动化测试，提交测试报告，完成对产品的功能与性能验证；3、准确地定位并跟踪问题，推动问题及时合理地解决；4、根据测试结果，协助用户撰写软件的评估报告。任职要求：1、统招本科以上学历，2年以上软件测开发试经验，扎实的计算机基础知识；2、思路清晰，对系统开发和测试过程及职责有深刻理解。 具有良好的学习能力，有提高自己技术高度的意愿；2、具有Python开发经验，熟悉软件测试流程、测试理论知识和测试用例设计技术；3、熟悉Linux操作系统，掌据常用命令和工具的使用和操作；4、熟练掌据至少一门数据库，如MySql、ORACLE、SQL Server，熟悉SQL语法；5、熟练掌握ansible jenkins等工具；7、具有良好的沟通能力，有系统化的问题分析能力和解决问题能力；8、有期货、证券等金融相关工作经历者优先;9 、良好的团队合作精神，良好的文档撰写和沟通协作能力，工作细致认真，有耐心，肯吃苦耐劳。
Python自动化脚本开发,https://www.lagou.com/jobs/6444816.html,浦东新区,8k-12k,驰勤信息科技（上海）有限责任公司,1-3年,本科,带薪年假 满年调薪 交通便利,职位要求：1、计算机、电子工程及相关专业本科及以上学历，2、python自动化脚本项目工作经验，熟练使用Ansible、Shell脚本亦可3、熟悉VMWare虚拟化和云平台、在x86服务器上做过开发优先4、熟悉开源和云技术优先5、良好的英语读写能力
python爬虫开发工程,https://www.lagou.com/jobs/6486196.html,宝山区,12k-18k,上海能良电子科技有限公司,3-5年,本科,leader nice 奖金,职位信息1、 负责互联网站、网页、链接的特征挖掘；负责设计和开发分布式的网络爬虫应用，包括调度、抓取、入库等内容，进行互联网相关信息的抓取和分析。3、 实现大规模文本、图像、数据的抓取、抽取，去重、分类，垃圾过滤，质量识别、解析入库等工作 。4、 提供分布式爬虫和数据采集系统的技术实现方案；5、 分析静态网页结构，解析网页数据，对数据进行过滤，去重，结构化处理； 任职要求：1. 扎实的Python基础，熟悉多线程编程环境，熟悉常见开源框架；熟悉JAVA/GO等其他一门编程语言优先；了解主流react等前端框架优先；2. 熟悉抓取原理及技术，熟悉Scrapy、Pyspider、nutch等主流爬虫框架使用，有获取电商数据经验。3. 能够解决反爬虫、网络异常等各种常见爬虫问题4. 熟练使用Mysql 、mongodb、 Redis等数据库；了解Storm/Spark等大数据相关技术。5. 具有构建分布式爬虫系统的经验，具有海量高并发网页爬取项目经验优先;6. 具备较好的数据分析能力和解决问题的能力、具有机器学习、数据挖掘等经验者优先7. 有过1年以上3-5人团队管理经验优先；
Python数据挖掘讲师,https://www.lagou.com/jobs/6083166.html,浦东新区,25k-40k,江苏传智播客教育科技股份有限公司上海分公司,3-5年,本科,年终奖、五险一金、年度旅游、带薪年假,岗位职责：1、 负责基于Python数据分析的研究工作2、 负责基于Python数据分析的授课教学工作；3、负责基于Python数据分析的课程案例制作和教学文档编写；任职资格：1、本科以上学历，具有3年以上数据分析经验，有过海量数据分析经验；2、熟悉运用SQL、EXCEL、R/Python等工具进行数据处理和分析；3、熟悉分类、回归、聚类等数据统计模型，具有一定的建模经验；4、熟练掌握NumPy和SciPy科学计算工具的使用；5、熟练掌握Pandas数据分析工具的使用；6、熟练掌握Matplotlib和Seaborn等数据可视化工具，掌握Bokeh交互式数据可视化者优先；7、熟悉数据挖掘的基本原理，熟练操作SAS、SPSS clementine等数据分析/挖掘工具的优先；8、熟悉大数据平台操作，熟悉Hadoop/Spark优先；9、具备良好的沟通能力和表达能力，有独立开展业务调研、数据分析、报告编写的经验；10、热爱数据分析工作，善思考、逻辑思维能力强，善于用简单语言表述复杂结论；
资深 Python 后端开发工程师,https://www.lagou.com/jobs/5385826.html,普陀区,20k-40k,力扣信息科技（上海）有限公司,5-10年,本科,"绩效奖励,工作环境优,扁平式管理",工作内容：- 使用 Python3 + Django + GraphQL + Celery 开发维护主站- 使用合适的技术栈编写服务逻辑，提升性能和稳定性- 带领后端业务团队产出高质量代码- 开发和完善多维度的后端监控设施- 带领后端业务团队产出高质量代码- 开发和完善多维度的后端监控设施基本要求：- 精通一种或多种后端开发语言- 精通至少一种后端 Web 框架- 主导过参与人数 3 人以上的项目- 对 MySQL / Redis / 异步队列有丰富的使用经验- 强大的学习能力，能快速学习掌握新的后端技术- 优秀的沟通能力，善于和其他后端同事分享、讨论并落地优秀的技术架构加分项：- 精通 Python3 / Django / Celery / GraphQL- 精通后端接口性能优化和复杂问题排查- 熟练使用 Go / Rust- 有规模化微服务开发维护经验- 了解 Judger 原理- 丰富的高并发经验- 扎实的系统编程经验
python研发工程师（高级）,https://www.lagou.com/jobs/6453488.html,静安区,15k-30k,上海岸登信息科技有限公司,5-10年,大专,领导好！发展空间大！管理规范！,python研发工程师（高级）岗位要求：1、计算机相关专业，专科及以上学历；2、三年及以上使用Python语言开发中大型Web项目的经验；3、精通Django中的一种Web开发框架；4、熟练掌握MySQL、Redis数据库，并对数据库优化有一定了解；5、熟悉基本的系统架构模式，具备一定的模块架构能力；6、熟悉掌握Vue、Mysql；7、操作系统：Linux 、Windows ；8、有良好的单元测试习惯，掌握unittest和mock的使用方法；9、良好的沟通和理解能力，团队合作精神，具备一定的抗压能力。 岗位职责：1、编写和迭代产品的核心框架；2、主导新项目的后台开发，与前端开发合作，完成前后台数据交互；3、参与各个项目的后期维护工作，解决相关bug，部分需求的处理；4、参与对接第三方系统，进行相关接口的修改开发；
python开发工程师,https://www.lagou.com/jobs/4484366.html,浦东新区,15k-25k,我查查信息技术（上海）有限公司,3-5年,本科,"亿级APP,年底多薪,环境氛围好","岗位职责1、参与系统的需求调研和需求分析；2、搭建系统开发环境，完成系统框架及核心代码；3、系统开发测试、部署和集成；工作要求1.本科及以上学历，计算机相关专业毕业；2.精通python语言及标准库，熟悉一定开源库, 有面试对象思维3.具有3年以上django-rest-framework(drf)开发经验、具有RESTful web api设计经验4.熟悉类 *NIX 系统，熟悉Web和数据库开发技术5.有中大型企业级web项目者优先6.有CI/CD、docker经验者优先"
Python爬虫工程师,https://www.lagou.com/jobs/6188622.html,闸北区,10k-20k,易居企业（中国）集团有限公司,3-5年,本科,五险一金 技能培训 岗位晋升,任职要求： 1、本科及以上学历，3年及以上相关工作经验；2、掌握网络爬虫开发原理，熟悉互联网各种类型数据交互模式；3、熟练掌握HTML，JS，及熟悉JS反扒破解；4、熟练掌握Python3，Scrapy，Selenium等;5、熟练掌握正则表达式、XPath等信息抽取技术。6、熟练掌握MySQL或Mongodb中一种，熟练使用Git；7、具备优秀的逻辑思维能力，善于分析问题，解决问题；8、具备良好的沟通能力和团队协作能力。职位描述：1、负责业务所涉及数据的爬取，清洗，结构化，入库。2、负责持续运营和更新爬虫以及数据。3、负责爬虫的性能优化，如：处理性能，爬取策略，占用带宽，反爬虫机制等方面。
高级python后端开发工程师,https://www.lagou.com/jobs/5664495.html,杨浦区,18k-25k,亿可能源科技（上海）有限公司,3-5年,本科,发展空间大 优秀团队,工作职责：1、 负责平台产品及项目的后台研发工作，配合产品经理和设计师，参与产品的开发和业务实现； 2、对系统架构进行改造和优化，解决重要技术问题。  3、 根据产品需求，与前端工程师合作研讨技术实现方案，并落实为具体的开发工作； 4、 负责研究并实践前沿技术持续 职位要求：  1、 5年以上的工作经验，3年以上Python开发经验 2、 熟练掌握Django，Sqlalchemy，Celery等主流框架，深入理解框架实现原理及特性；熟练使用python的常用库； 3、 熟悉Python的高级特性，深入理解各种设计模式和应用场景； 4、 熟练掌握MySQL数据库，具备MySQL索引优化、查询优化的能力； 5、 熟悉分布式系统，熟练掌握一种以上服务框架和消息中间件，了解其实现原理； 6、 熟悉并掌握其他一门或多门语言（Java、Go）者优先； 7、 热爱技术，工作认真、严谨，对系统质量有近乎苛刻的要求意识，善于沟通与团队协作。
后端开发工程师 (Django）,https://www.lagou.com/jobs/4827414.html,普陀区,14k-20k,力扣信息科技（上海）有限公司,1-3年,本科,"绩效奖励,工作环境优,扁平式管理","工作内容：
 力扣站点的开发与维护
 使用 Python3 + Django + GraphQL + Celery 开发维护主站
 优化慢接口和慢数据库查询
 建立多维度的后端监控系统
 推进主站 Web 后端架构演进和新技术落地
 推进后端 Judger 开发
基本要求：
 有良好的计算机专业知识和扎实的编程功底
 熟练使用 Python / Nodejs / Go / Java 等一种或多种后端开发语言
 熟悉至少一种关系型数据库并知晓常见的数据库优化方法
 熟悉至少一种 Web 后端开发框架
加分项：
 了解微服务相关原理和技术
 了解并使用过 k8s，Prometheus，Grafana
 了解 Judger 原理
 丰富的系统编程经验
 高并发经验"
Python,https://www.lagou.com/jobs/2031468.html,浦东新区,20k-40k,上海微仓网络科技有限公司,5-10年,本科,福利待遇 发展前景,Python主程序员使用过两门以上编程语言至少精通一门编程语言2年以上Python经验或5年以上开发经验靠谱的创业团队，待遇开放畅谈！是人才就一定会在这里闪耀！
python开发工程师,https://www.lagou.com/jobs/6423456.html,闵行区,10k-15k,上海彼脉网络信息科技有限公司,3-5年,不限,"团队合作气氛好,市场前景好.",1、负责AI系统前后台开发2、负责基于主流人工智能和深度学习架构的模型设计与调优3、负责基于Linux和Python架构的上位机软件设计及实现；4、负责轨道交通中所使用的通信协议维护和开发5、负责软件模块的单元测试并确保代码质量；6、参与架构设计的方案讨论，参与软件需求的讨论。岗位要求：1、计算机、电子、通讯、自动化、软件工程等相关专业毕业；2，熟练掌握至少一门Python Web开发框架（Tornado、Django、Flask）3，熟悉一门数据库（MySQL、Redis、NOSQL）。4，熟练掌握PyQt，熟悉各类常用工具的Python库；5、熟悉神经网络算法和模型，熟悉TensorFlow，Keras ，YOLO等模型结构者优先。7、熟悉Qt，有QT完整项目开发经验者是加分项。8、较强的分析和解决问题的能力，团队协作能力，做事积极主动、负责，良好的时间观念;
Python开发工程师,https://www.lagou.com/jobs/6420221.html,普陀区,15k-30k,上海喜宝供应链管理有限公司,3-5年,大专,平台大 发展好,"1.负责Odoo开源ERP的开发工作； 2.负责现有产品（基于Odoo开发）的维护工作； 3.配合项目经理提供技术解决方案； 4.有良好的的团队合作意识,能够承担重要任务，学习能力强，有较好的沟通能力，能迅速融入团队。 任职资格： 1.具有2年以上工作经验，计算机、信息技术等相关专业优先考虑； 2.具备丰富的逻辑编码经验，精通Python编程，掌握Python的高效写法； 3.熟悉Odoo/Django，能的对Odoo (OpenERP)进行二次开发的优先；4.具备大规模高并发访问的服务集群架构设计和开发经验者优先； 5.具备团队合作精神、责任心，具备良好的表达和沟通能力，具备较强的自学能力和技术攻关能力；"
Python技术支持工程师（上海）,https://www.lagou.com/jobs/6173986.html,黄浦区,8k-15k,北京推想科技有限公司,1-3年,大专,弹性工作时间，人工智能领域黑马，AI医疗,"岗位职责:1. 远程对现场的环境出现的问题进行定位解决支持2. 根据产品手册，调试手册，知识库等，提供首次技术解决方案3、依据需要，收集问题相关的所有情报，并升级至产品二线技术支持4、观察和追踪升级后的技术问题，定期反馈实际进展给客户，并积极配合二线技术支持工作5、对于自己处理的技术问题完全负责并有条理的进行管理6、持续学习提高产品相关知识和技能，用以协助客户的首次技术解决方案岗位要求:1、Python熟练使用，C/C++/Java了解，对多线程有较深的理解.2、电子或计算机相关专业本科以上学历， IT相关领域工作经验至2年以上，目前从事技术支持中心相关工作者更佳3、具有IT和信息化方面的基本知识4、熟悉Linux平台。例如，Ubuntu，Centos，SUSE5、了解软件产品，有人工智能平台/智能图像等系统的应用调试经验更优6、热爱售后服务行业,具有良好的团队精神和工作热情，具有较强的沟通和协调能力7、渴望学些新技术，善于学习和分析解决问题，工作责任心强，具有用户服务思维8、能接受全国范围出差。"
Python 工程师,https://www.lagou.com/jobs/1314825.html,黄浦区,3k-6k,上海贞历网络科技有限公司,应届毕业生,本科,S级项目，微服务，大数据，前景好,"你是一个有想法，充满创新创意，踊跃学习，有创业精神的工程师吗？ 我们采用的是最新的分布式微服务+graphql框架，没有做过没关系，但是需要你有良好的基础和不断学习的心态我们的技术人员面试都需要当场答题和写代码。请你来之前做好准备。如果你基础不好，工作经验虚假，麻烦不要投简历（浪费的会是你的时间）谢谢。具备以下条件，欢迎加入我们的行列！！- 精通 Python 开发后台 - 精通 Web API 框，有Graphql经验尤佳架 - 熟悉 Django, Django Rest, Flask,或Tornado其一 - 熟悉 SQL语法操作，应用 MySQL等 RDBMS 资料库 - 熟悉 NoSQL 资料库 - 熟练 Linux （会写基本Shell Script）  - 熟悉 Docker尤佳- 熟悉 阿里云/ AWS尤佳 - 熟悉 微服务开发 尤佳 - 熟悉 大数据 尤佳 - 据伺服器 (linux, nginx) 或运动伺服器建设操作经验尤佳 - 拥有良好的团队沟通能力，愿意毫不保留的把自己最真实的想法说出话的人，熟悉如何与后台工程师沟通"
Python工程师-SEO经验者优先,https://www.lagou.com/jobs/4319629.html,松江区,6k-12k,上海担路网络科技有限公司,不限,本科,"年轻团队,年终分红,晋升空间大,待遇从优","工作内容：1. Web 应用开发2. PaaS云平台开发3. 系统维护、调试-------------------------------------------先决条件：1. 请确保你至少对 Python、JavaScript 这两门语言都有深入学习研究的欲望2. 对 Web 前端的知识及其实现充满好奇，能够对所有技术保持好奇更好3. 技术是为产品服务的，必须要掌握或愿意学习掌握将技术转化为产品的能力对于以上三点有不同看法的，不适合从事该职位。---------------------------------职位要求：1. 思路清晰、主动性强，有缜密的逻辑思维能力，快速的英文阅读能力及学习能力，良好的沟通能力2. 有基本的计算机基础理论知识，熟悉常用数据机构与算法3. 能熟练使用 Python 进行Web程序相关开发，掌握 Django/Flask 等相关框架4. 熟悉 MySQL/PostgreSQL 等关系型数据库，熟悉SQL语言5. 对TCP/IP, HTTP等常用协议有基本的了解，能完整叙述一次HTTP请求从客户端到服务器端所经过的各个环节6. 有基本的前端技能，了解基本的网页设计知识，如 HTML、CSS、JavaScript、jQuery7. 熟悉 ES6，有 Vue.js/React/Angular 至少其中一种的使用经验8. 能够熟练使用 Linux 作为日常开发环境9. 熟悉 Git 的常用操作，了解 GitHub Workflow10. 有基本的程序错误分析排查能力-------------------------------------------优先条件：1. 有1年以上 Django 开发经验者优先2. 有完整的个人业余项目(GitHub Repo)并在线部署运行3. 有为开源项目贡献过代码或者文档者优先-------------------------------------担路的技术及学习理念：- 不做原教旨主义，用合适的工具做正确的事。- 稳中求新，快速迭代。- 持续学习，不给自己设限，对新知识充满不断探索的欲望。--------------------------------------应用开发平台介绍：应用开发平台可以快速开发出一整套可供多个平台使用的应用，包括PC网页版本、手机 网页版本以及小程序版本。全平台适配，数据统一管理，开发流程短，并支持高度自定义，无限扩展其功能，满足各个场景和各个行业的客户的不同需求。--------------------------------------应用开发平台架构：- 数据集（云数据库）做到能够让客户自定义去创建表结构，同时还保证在数据量极速增长的情况下的查询以及写入的性能- 后端运行时基于 Python 3.7, Django 1.11搭 配 asyncio/asyncpg实现系统核 心服务的功能- 云函数方便用户实现自己的业务逻辑，同时做好隔离性，保证出现bug的时候不会波及整个平台的运行情况- 可视化编辑器彻底解放用户在开发的时候对于繁杂表单及界面的处理，同时标准化的接口不会对平台的升级造成阻碍- 前端运行时遵循Vue.js，实现前端组件的线上/线下开发及加载的支持。通过自主研发的可视化 前端开发工具实现组件的可视化布局开发--------------------------------------担路网公司介绍1 互联网时代“互联网+”是创新2.0下的互联网发展新形态、新业态，是知识社会创新2.0推动下的互联网形态演进及其催生的经济社会发展新形态。“互联网+”是互联网思维的进一步实践成果，它代表一种先进的生产力，推动经济形态不断的发生演变。从而带动社会经济实体的生命力，为改革、创新、发展提供广阔的网络平台。中小企业转型应把握以下两个点：（1）顺势而为。（2）互联网思维。2 担路D云系统基于这样的互联网时代背景，担路网从商家的客户入手，为商家提供互联网信息展示、客户挖掘转化、客户关系维护的一体化互联网工具。担路平台的产品功能板块包含以下五点：一、信息展示：包含传统的pc端展示，同步手机端和微信端二、营销模块：基于担路SaaS云架构，我们在商城中心和手机端管理中心开发了多种互联网互动营销活动工具，方便企业进行O2O营销，让企业与客户的关系更加紧密三、客户转化：传统的商城订单、便捷的表单式订单以及独创的推广式组合订单，让购买变得简单，实现流量到销量的转化四、客户管理：自带客户注册系统、与系统同步的会员管理系统和CRM，完全整合您的客户信息五、数据统计：全方位的数据统计分析，让您实时掌握客户的动态为企业提供互联网工具，让供需互动变得触手可及。我们致力于互联网信息展示、客户挖掘转化、客户关系维护，为您打造高性价比的一体化互联网解决方案！“一路担当”是我们的公司文化。自成立以来一直秉持团结、平等、共赢的原则，为每一个伙伴提供全面的发展机会，有专人负责培训，鼓励同事之间相互帮助，共同进步。担路网在上海已经有了一定的知名度，已有近万成功合作商家，尤其在中小型商家中担路网三个字已经有了一定的品牌效应，但是我们依然在路上，我们需要更多的伙伴，更多年轻的有激情有梦想的伙伴加入。公司现在的伙伴都是年轻人，平均年龄24左右，在成立的三年之中，每年的增长率保持在200%以上，公司正在一步步壮大。现公司正处于新一轮的发展之际，需要找到一批核心成员，能够支撑公司的发展需要，现向各大招聘网站发布求贤令，诚邀有志之士的加入，共创一番事业！"
python图像识别,https://www.lagou.com/jobs/6014538.html,闵行区,20k-30k,上海艺届电子有限公司,1-3年,本科,股权期权、行业前景好，弹性工作，扁平管理,您将能：主持计算机视觉相关算法的研发。参与图像识别算法团队的建立。进行OpenCV和DeepLearning的工业图像识别的预研。您需要：1.   计算机相关本科以上学历，2年以上计算机视觉相关开发经验。2. 精通Python。熟悉至少其中两种。3. 熟悉图像处理框架OpenCV的使用，熟悉物体检测框架YOLOv3的使用。4·熟悉人脸识别算法和框架，至少使用过一种人脸识别算法API。5.熟悉常用算法，对新技术敏感，有较强的求知欲和进去精神，能快速学习并融入团队。
Python开发工程师实习生,https://www.lagou.com/jobs/6430112.html,杨浦区,3k-6k,上海脉策数据科技有限公司,应届毕业生,本科,"弹性工作,薪酬福利好,技术驱动,大牛互助","岗位描述：1、数据工程方向；* 数据收集产品: 包括但不限于爬虫, 数据源对接；* 数据处理产品: 包括但不限于ETL, 任务调度；2、系统开发方向:* 数据分析产品: 包括但不限于数据处理, 可视化以及协同操作；* 地图处理产品: 包括但不限于地图服务器的开发(静态瓦片, 矢量瓦片, 地理交互)。3、系统运维方向:* 容器化部署, CI/CD；* 系统监控；* 内部运营系统开发；* DBA(PostgreSQL)。 任职要求：1、扎实的数据结构与基本算法基础；2、数学基础良好；3、熟悉 RESTFUL API, HTTP 以及 Linux 开发；4、熟悉 Python3；5、英语阅读以及代码交流能力良好；6、熟悉 Git 代码管理；7、开源爱好者, 有解决方案搜索能力以及代码贡献热情。  我们喜欢这样的你：1、全日制本科及以上学历，研究生优先；2、工作认真细致有责任心，逻辑条理清晰；3、愿意团队协作，愿意与人沟通；4、自驱自觉，愿意团队协作，有较强的表达和沟通能力。 我们可以提供您：1、了解相关职业发展需求和方向的机会；2、了解当前互联网、人工智能、大数据等热门行业的发展形势和动态的机会；3、正式毕业后，优先入职留用的机会。"
Python高级开发工程师,https://www.lagou.com/jobs/6377442.html,黄浦区,23k-28k,学慧帮（上海）企业管理咨询有限公司,5-10年,本科,团队氛围好，发展空间大,"You’ll work within our R&D Lab in Shanghai on our Digital Learning platform (web application) and in charge of the development of our new features and its integration within the platform. DUTIES-          Innovation according to the roadmap on the new platform functionalities (backend coding)-          Support on the operational project for advanced technical development-          Documentation of the development via Wiki SKILLS -          Strong knowledge in Python-          Able to use Django framework -          Knowledge expected in Git, Github, HTML/CSS-          Knowledge expected in MySQL (MongoDB a plus)-          Able to communicate in English QUALIFICATIONS -          5 years’ professional experience in back-end development-          Bachelor/Master degree in Computer Science-          International studies experience would be a plus -          English workable (please be noted this position is reported to a foreigner)"
2621XS-资深Python开发工程师,https://www.lagou.com/jobs/6335264.html,浦东新区,20k-30k,平安好医投资管理有限公司,3-5年,本科,"五险一金,带薪年假,节日福利,免费班车",
Python开发工程师（DevOps 方向）,https://www.lagou.com/jobs/6383045.html,徐汇区,15k-30k,上海猛犸信息服务有限公司,3-5年,本科,五险一金、节日福利、境外旅游,职位描述： 1、通过框架、平台、工具、流程建设提高平台的质量和效率；2、搭建各类基础性平台，包括监控、日志、数据、部署、质量等；3、负责微服务系统维护、优化，提高系统健壮性；4、关注前沿技术及产品，不断为团队提供新思路，推动产品改进。 职位要求：1、熟练掌握 Python，三年以上开发经验；2、有扎实的后端研发基础，熟悉HTTP协议，数据库，消息队列等相关技术；3、了解 Android/iOS/Web 开发；4、有良好的产品意识，独立解决问题的能力以及良好的团队合作意识和沟通能力。加分项：1、在产品级项目中，熟练使用过 Docker/k8s、Django/Flask、Elasticsearch；2、有开发过成熟的自动化测试工具、CI/CD 工具、推荐系统等。
Python开发工程师（2020届）,https://www.lagou.com/jobs/6473003.html,浦东新区,8k-10k,上海群之脉信息科技有限公司,应届毕业生,本科,五险一金 节日礼品 生日礼金 年度体检,"1.      人在江湖飘，一技傍身很重要。计算机相关专业，本科及以上学历，计算机基础知识扎实，懂操作系统、数据结构和算法以及计算机网络相关知识；2.      熟悉W3C标准与ES规范，熟悉Web语义化，掌握Box模型、常用布局以及浏览器兼容性；3.      熟悉Python语言的优先考虑；4.      熟悉至少一种服务端编程语言（Java, C#, PHP, Python, Node.js, Go等）；5.      对交互体验、可用性、用户体验有一定程度的理解；6.      良好的分析和解决问题的能力，较强的学习能力，良好的沟通交流能力，能快速融入团队开发；7.      诚实、正直、上进、负责，能够快速适应群硕的企业文化；8.      基本的英语听说读写能力；9.      有一定实际商业项目经验和软件工程意识者，笔芯，加分加分。"
python量化实习工程师,https://www.lagou.com/jobs/6400506.html,浦东新区,8k-15k,浮石（上海）投资管理有限公司,不限,本科,包吃 员工宿舍 环境良好 五险一金,职位描述：量化交易策略的开发、研究、回测与评估；提供量化交易策略开发的技术支持；使用Python进行数据处理及分析参与开发维护基础数据服务任职要求：1、每周实习4天以上，实习期6个月以上；2、计算机，物理，数学，统计等相关理工类专业；知名院校大四及以上，应届毕业生优先，优秀者有留用机会；3、熟练掌握Python编程语言， C++熟练有加分；4、熟悉股票、期货等金融行业知识，熟悉经典量化策略；5、工作细致、严谨，具有良好的团队协作能力，对技术有热情肯钻研，超强的学习能力。有以下经验者优先：1、有金融数据清洗、校对经验；2、有股票阿尔法策略研究经历。薪酬福利1、薪酬300元 / 天；2、公司附近有单身公寓，实习期间可提供免费住宿；3、工作日提供午餐+下午茶+晚餐；4、周末双休，提倡工作生活平衡；节假日参考证券交易日历，比普通行业享受更多的假期；5、定期开展团队建设活动，不定期组织各类文娱活动；6、每年公司组织多次长短途旅行。
python开发工程师,https://www.lagou.com/jobs/5348568.html,浦东新区,8k-15k,上海天存信息技术有限公司,不限,本科,待遇丰厚，前景无限,岗位职责：1.全栈式开发WEB系统，包括前台界面和后台功能；2.编写脚本实现系统实施和维护过程中的需求；3.修复测试发现的程序缺陷。 任职要求：1.全日制统招本科及以上学历；2.熟练掌握Python语言，有良好的编码风格，熟悉WEB开发框架；3.熟悉HTML和HTTP协议，熟悉Javascript、jQuery、Ajax等技术；4.熟悉数据库原理和模型，具备分析优化性能瓶颈的技术能力；5.有良好的沟通理解能力，积极学习新的技术知识。在这里，我们不是996而是955。 在这里，我们每年会拥有最高23天的年休假、12天带薪病假，更有加长版的春节假期。 我们关心员工健康，为员工提供健康体检。 我们关心员工生活，节日会有礼金、生日会有礼物。 我们鼓励员工进步，图书馆提供各类书籍，更会公费支持员工进行各类培训。 我们急员工之所需，为员工提供福利贷款。 我们还有员工长期激励计划，激励那些和公司一起成长的员工
python实习开发工程师,https://www.lagou.com/jobs/5499788.html,松江区,3k-5k,上海闵行区青悦环保信息技术服务中心,应届毕业生,大专,"直接上手,实际经验,自由度大","岗位职责：熟练掌握在linux（centos，ubuntu）下开发。熟练掌握mysql，postgresql数据库使用，redis，mongodb使用。熟练掌握web页面结构分析，使用chrome，firefox进行包括html，css，js等的解析。可以使用web-driver进行页面模拟交互。熟练掌握python，django进行数据分析，计算，数据库存取，web页面开发，解析。熟练掌握docker下的上述开发，部署，运维。具备良好的编码习惯，结构清晰，命名规范，逻辑性强，代码冗余率低； 数据结构和算法基础扎实, ACM程序设计比赛获奖者优先； 熟悉分布式系统原理，熟练掌握一种以上服务框架和消息中间件者优先； 有实际项目经验者优先考虑。具备良好代码书写规范，团队合作和分享精神。对创新技术有着非常强烈的求知欲，愿意不断学习新知识，不断更新自己的技术储备。有扎实的英语功底，并且能够轻松的阅读英文文档。职位要求：   1. 计算机相关专业专科及以上学历在校生，大三、研二优先。   2. 能够保证三个月及以上的实习时间，每周至少保证四天及以上出勤，欢迎寒暑期实习。   3.  执行力强，懂得要遵守企业价值观和工作纪律。   4. 工作地点在上海市松江区，可以提供住宿或住宿补贴。   5.  投递简历前请仔细阅读上述能力要求，避免浪费彼此时间。"
Python工程师,https://www.lagou.com/jobs/6424831.html,静安区,8k-13k,必萤信息科技（上海）有限公司,不限,本科,五险一金 做五休二,岗位职责：如果你也热爱投资，对人工智能、大数据、云计算有着浓浓的兴趣，在这里，你将有机会参与量化投资与研究的平台搭建，为各种投资进行研究支持，有机会做性能、架构等方面的设计与优化，有机会参与构建高可靠性、高可用性、高可扩展性的体系结构，满足日趋复杂的业务需求。任职要求：1、本科及以上学历，计算机等理工科专业，具有一定Python开发实习经验；2、具有良好的编程能力，有“造轮子”的精神，逻辑思维能力强；3、熟悉Python、C++等语言；4、熟悉Linux系统等；5、熟悉常见的数据库，如MySQL，MongoDB，NoSQL数据库等；6、对金融行业、量化交易感兴趣；7、有较好的沟通和表达能力、学习能力，拥有优秀的问题分析及解决能力；8、良好的责任感和团队合作精神。
高级 Python 工程师,https://www.lagou.com/jobs/6436838.html,浦东新区,20k-30k,上海鸣石投资管理有限公司,3-5年,本科,福利好，氛围好，钱景丰富，定期分享,"职位诱惑：福利好，氛围好，钱景丰富，定期分享职位描述：职位诱惑：福利好，氛围好，钱景丰富，定期分享工作职责：搭建量化回测和模拟交易系统，为量化策略研究提供技术支持；参与项目中业务功能接口协议和基础类库的设计，解决项目中的关键问题和技术难题；对自己的编码进行代码规范、代码质量负责； 职位要求：本科及以上学历，计算机、自动化、电子信息、数学等相关专业，工作 1-3 年；熟练使用 Python，了解 golang，量化相关技术栈，pandas，numpy，scipy，sklearn, statsmodels 等；熟悉常见的数据库技术，MySQL，SQL Server，Mongo，Redis 等；有Python性能调优、分布式计算经验；【加分】了解和掌握一定的前端知识，前后端分离开发经验；【加分】优秀的学习能力，主观能动性和逻辑思维能力，工作认真负责，沟通能力良好；【加分】具备独立分析问题、解决问题的能力；【加分】熟悉国内外主流量化研究平台，容器化技术，有前端开发、全栈开发经验优先；【加分】有金融投资、证券分析、互联网金融公司从业经验优先；"
Python开发工程师,https://www.lagou.com/jobs/3076353.html,闵行区,12k-20k,上海犇众信息技术有限公司,1-3年,本科,"弹性工作制,商业保险,公司旅游,年终奖金","工作内容：参与公司产品及项目研发，分析业务需求，设计并实现后端功能模块职位要求：1、两年以上后端开发经验, 熟悉python/golang/node中的一门或多门语言，对所熟悉语言的语言特性有较深入了解2、良好的计算机基础知识，熟悉常用的数据结构和算法3、熟悉mysql、mongodb、redis等常见的sql/nosql/内存数据库使用与优化4、拥有良好的代码风格，对并发编程、调度、web服务开发有实战经验，熟悉web开发框架5、熟悉Linux，对服务端部署架构、nginx等web服务部署有项目实战经验，并且熟悉相关优化6、思维清晰，沟通能力和理解能力强7、工作认真仔细，责任心强加分项：1、熟悉docker的使用2、有socket编程经验3、有安全攻防相关经验"
Python高级开发工程师,https://www.lagou.com/jobs/6324858.html,徐汇区,10k-18k,上海悦米信息技术有限公司,3-5年,本科,弹性工作 五险一金 年底13薪+,（1）全日制本科及以上学历，计算机相关专业；（2）熟练掌握基于 Django 框架的服务器后端开发技术，有 RESTful 接口设计经验尤佳；熟练掌握 Mysql 数据库的应用开发；（3）熟悉 redis 内存 /缓存存储，了解 redis 数据结构，有缓存设计经验；（4）熟悉 celery 等队列工具的开发使用；（5）较好的 Web 前端技能，掌握 Django 模板或者 Web 前端框架；（6）了解xadmin等管理后台开发插件；（7）熟练掌握 Git 版本管理工具。
python开发,https://www.lagou.com/jobs/6016748.html,闵行区,12k-20k,上海心莲信息科技有限公司,1-3年,本科,"氛围好,90后团队,各种大神,租房便宜","1、1年以上Python开发经验，有独立设计大规模数据处理和分析系统的经验和能力；2、精通 Python 语言, 熟悉web开发框架（django/tornado/flask）以及django-restframework, 并有1年以上该框架的开发经验, 熟练使用HTML，CSS，JavaScript等基本前端技术；3、熟练 使用 MySQL、Redis、MongoDB、RabbitMQ 等；4、熟悉 大规模高并发访问的Web应用开发经验者优先, 了解异步框架、集群与负载均衡，消息中间件，容灾备份等技术；5、熟悉 Linux系统，具备编写shell脚本能力；6、熟悉 Git 开发流程；7、具有良好的编程思想、沟通、团队合作精神、优秀的分析问题和解决问题的能力, 有全栈开发经验或大型在线服务开发经验优先。要求本科及以上，985/211优先"
资深Python研发工程师-广告系统,https://www.lagou.com/jobs/6054434.html,闵行区,20k-35k,北京字节跳动科技有限公司,3-5年,本科,六险一金，免费三餐，租房补贴，休闲下午茶,
Python全栈开发工程师,https://www.lagou.com/jobs/6445261.html,浦东新区,15k-25k,上海昌投网络科技有限公司,3-5年,本科,"定期团建,年终奖,投资技能,团队年轻","任职要求：1、全日制本科以上，计算机相关专业，扎实的计算机基础知识，2年以上开发经验； 2、精通Python语言，熟悉Linux编程开发环境，有较强的编程能力；有java、php、golang经验者优先考虑；3、熟练使用至少一种WEB框架，例如webpy/tornado/django/flask,熟悉常用web开发组件或框架，熟悉后端开发涉及到的各项技术。熟练使用前端老三样，并熟悉至少一种前端主流框架，有开源项目或已上线项目更佳。4、有微信开发经验为加分项。5、可以参与到产品初期的设计，能站在用户的角度思考问题，并且快速找到轮子通过技术实现验证。"
Python后端工程师,https://www.lagou.com/jobs/4523627.html,虹口区,15k-20k,上海炫体信息科技有限公司,3-5年,本科,"年轻,福利,补助","任职要求：1.3年以上开发工作经验；2.具备 Python 运维平台开发经验；3.能够高效地沟通,并与团队或跨团队同事有效地协作办公。"
Python开发实习生-短视频方向,https://www.lagou.com/jobs/4254613.html,黄浦区,4k-8k,北京字节跳动科技有限公司,不限,本科,弹性工作，餐补，租房补贴，休闲下午茶，扁平管理，过亿用户，职业大牛，团队氛围好，优厚薪资,
高级python后端开发,https://www.lagou.com/jobs/6266101.html,徐汇区,20k-40k,上海众言网络科技有限公司,5-10年,本科,中大型客户群体 大客户代表 晋升空间大,岗位职责： 1、负责产品服务器端设计和代码实现 ；2、优化现有产品的功能和体验细节 ；3、积极调研新技术，随时准备用于产品 ；任职要求： 1、具有良好团队合作精神，有高度的责任心，能在开发过程中把控代码质量 ；2、3年以上Web服务器端开发经验， 2年以上python服务端开发经验，有做过saas平台，大并发经验优先 ；3、有丰富的数据库建模经验，有MySQL、MongoDB、Redis使用经验者优先 ；4、了解各种常见算法并能灵活运用 ；5、了解 linux系统（CentOS）常规操作 ；6、有系统优化或重构经验优先 ；7、对行业新技术有浓厚的兴趣，并积极合理的将其引入项目； 8、有自己的开源项目、或者对开源项目有贡献者优先 ；9、有微服务架构设计与开发经验优先 ；
深度学习开发工程师（python）,https://www.lagou.com/jobs/6334700.html,浦东新区,10k-15k,上海华钦信息科技股份有限公司,1-3年,不限,外企氛围；软件开发,Requirement：- 熟练掌握python/numpy- 对NNabla/tensorflow/Caffe有一定了解，有过相关开发经验- 对Detection/Recognition/Segmentation等任何一种有过实际算法开发经验，对YoLo等常见网络有所了解
后端开发经理/技术专家（python）,https://www.lagou.com/jobs/6111070.html,浦东新区,20k-30k,达而观信息科技（上海）有限公司,5-10年,本科,"人工智能,准独角兽,技术氛围浓,发展空间",职位描述：1、负责公司企业级应用产品对大型企业客户的开发、部署、技术交付工作（泛NLP、RPA、OCR、推荐、搜索、知识图谱、大数据系统等相关的产品和项目）；2、负责业务需求分析，将业务需求拆分成独立的业务功能，并负责相关的开发等工作；3、参与核心技术问题的攻关，架构设计，系统优化，协助解决项目开发过程中的技术难题；4、配合项目的整体计划和安排，对业务人员进行技术指导；岗位要求：1、计算机相关专业、统招本科及以上学历，5年以上后端开发经验，有项目负责人或leader经验者优先；2、熟悉Python后端开发，或C++基础扎实并有意向用python进行后端开发，工程代码能力优秀；3、熟悉SQL，熟悉Orcale、DB2、SQLSERVER、Mysql数据库应用开发中至少一个；4、熟悉linux/Unix常用操作命令，了解shell；5、责任感强，有规范化文档编写的良好习惯，对于工作有推动意识，有独立负责大中型任务的能力或潜质；6、能够接受短期出差或驻场开发工作（华东区域，连续在外一般最长不超过2个月，短则2-3天）。
python开发工程师,https://www.lagou.com/jobs/6484855.html,浦东新区,8k-14k,上海常熙信息科技有限公司,1-3年,本科,"前景广阔,待遇优",工作职责：1、根据需求使用sql或python进行相关的开发工作；2、利用数据库对数据进行必要处理，梳理现有存储过程并予以维护；3、负责根据客户需求进行数据的提取、分析。任职要求：1、 本科及以上学历，两年以上相关工作经验，熟练掌握SQL，熟练掌握python2、了解常用机器学习算法，了解基础的深度学习算法；3、 良好的团队协作精神，强烈的责任心，做事严谨、耐心、勤奋，能承受压力，有较强的沟通能力4、有NLP开发经验者优先。
python开发,https://www.lagou.com/jobs/5971929.html,浦东新区,8k-15k,上海小赤信息科技有限公司,1-3年,本科,创业型项目 办公环境好 金融IT复合前景,"公司内部创业项目，开发组计划为3人，如有架构师能力，薪资另议。        寻找一起创业的伙伴   不能承诺高薪，能保证分享不能承诺不加班，但是能保证快乐岗位职责：负责企业业务管理系统的开发。
 根据需求分析，参与产品设计讨论，共同确定系统架构
 独立系统开发与测试，协作进行系统联调
岗位要求：1、本科及以上学历，计算机相关专业；2、熟练使用python，至少2年以上开发经验；需要实际项目经验、只有培训经验的和只做过爬虫的不考虑；3、熟练掌握Flask或Django等Python Web开发框架；4、熟练掌握数据库技术，MySQL或者PostgreSQL；5、熟悉Linux、Nginx等环境部署和配置，使用GIT进行开发版本控制6、了解前端HTML, JavaScript/JQuery ,CSS技术，能用已有的前端开源框架快速构建系统模块；"
python开发,https://www.lagou.com/jobs/6472119.html,浦东新区,8k-13k,通效信息科技（上海）有限公司,1-3年,本科,双休 五险一金,1、本科及以上学历，计算机、通信、电子或相关专业，毕业2年以上；2、2年左右Python开发经验，有使用Python开发过大型系统经验者优先；；3、熟悉Pyhton的WEB框架Tornado、Django、爬虫框架Scrapy等；4、熟悉分布式系统相关原理，并对分布式系统架构设计有独特的见解等；5、熟悉多线程、多进程、socket编程；6、熟悉linux 以及MAC OSX ，了解shell编程；
高级python开发工程师,https://www.lagou.com/jobs/5783240.html,杨浦区,25k-35k,上海有孚网络股份有限公司,3-5年,本科,财务,"职位描述1.      根据产品或项目的要求，参与业务分析和系统设计；2.完成编程、调试和单元测试工作；3.负责相关开发文档的编写；职位要求1.      本科以上学历， 计算机相关专业毕业；2个以上完整项目经验；2.有至少三年以上Python开发经验，能独立解决开发过程中遇到的各种问题；3.熟悉Django, 了解HTTP协议, 有Web应用程序开发经验;4.了解数据库原理, 至少熟悉MySQL数据库,至少了解一种NoSQL数据库;5.熟悉Linux, 对CentOS有深入了解;6.熟悉TCP/IP协议, 有网络服务编程经验者优先;7.有丰富数据库使用经验者优先;8.有JAVA开发经验者优先；9.良好的编码风格和编程习惯，对高质量的代码有执着的追求;熟练掌握SVN，Git等代码版本管理工具的试用;10.   良好的团队精神和沟通能力，高度的事业心和责任感，工作认真负责，具有良好的职业操守。"
Python开发实习生,https://www.lagou.com/jobs/4114706.html,徐汇区,5k-6k,上海数旦信息技术有限公司,应届毕业生,本科,"转正机会,免费零食,旅游,学习机会多",【岗位职责】1、负责后端功能的开发、性能优化和单元测试2、负责后端相关文档编写3、参与后端的需求和设计讨论【任职要求】1、全日制本科及以上学历，计算机或相关专业2、熟悉Python，编程功底扎实3、熟悉Linux开发环境，熟悉Redis及Mysql等数据库4、具备极强的开发能力、学习能力和抗压能力5、国家级技术类竞赛（如数学建模、ACM）一等奖获奖者优先6、可连续实习半年以上
python实习,https://www.lagou.com/jobs/5995574.html,杨浦区,4k-6k,上海骞云信息科技有限公司,应届毕业生,本科,"带薪年假,五险一金,团建旅游,补充公积金",岗位职责 1. 云管理平台Web后端任务编排系统开发2. 监控平台的设计与开发3. 数据分析平台的设计与开发4. 修复产品缺陷5. 产品性能优化任职要求1. 熟练掌握Python，C，C++，Java，Golang中至少一门语言2. 熟练使用Linux系统3. 有良好的编码习惯4. 数据结构和算法基础扎实5. 熟悉MySQL等至少一种关系型数据库的原理和操作6. 有较强的学习能力、团队合作能力、沟通能力
python实习生,https://www.lagou.com/jobs/5880429.html,松江区,3k-5k,上海闵行区青悦环保信息技术服务中心,不限,大专,"直接上手,实际经验,自由度大","岗位职责：熟练掌握在linux（centos，ubuntu）下开发。熟练掌握mysql，postgresql数据库使用，redis，mongodb使用。熟练掌握web页面结构分析，使用chrome，firefox进行包括html，css，js等的解析。可以使用web-driver进行页面模拟交互。熟练掌握python，django进行数据分析，计算，数据库存取，web页面开发。熟练掌握docker下的上述开发，部署，运维。具备良好的编码习惯，结构清晰，命名规范，逻辑性强，代码冗余率低； 数据结构和算法基础扎实, ACM程序设计比赛获奖者优先； 熟悉分布式系统原理，熟练掌握一种以上服务框架和消息中间件者优先； 有实际项目经验者优先考虑。具备良好代码书写规范，团队合作和分享精神。对创新技术有着非常强烈的求知欲，愿意不断学习新知识，不断更新自己的技术储备。有扎实的英语功底，并且能够轻松的阅读英文文档。职位要求：   1. 计算机相关专业专科及以上学历在校生，大三、研二优先。   2. 能够保证三个月及以上的实习时间，每周至少保证四天及以上出勤，欢迎寒暑期实习。   3.  执行力强，懂得要遵守企业价值观和工作纪律。   4. 工作地点在上海市松江区，可以提供住宿或住宿补贴。   5.  投递简历前请仔细阅读上述能力要求，避免浪费彼此时间。"
Python 开发工程师,https://www.lagou.com/jobs/6416430.html,浦东新区,8k-12k,上海泛云信息科技有限公司,1-3年,不限,五险一金，体检，旅游,任职资格：1、熟悉Python，编写过web应用程序；2、熟悉Django/Flask等任意Web框架一种或者多种。3、掌握web页面交互流程，前端开发经验（Html、Css、Javascript、jQuery、等）。熟悉VUE，react，Angularjs等尤佳。4、熟悉PostgreSQL或MySQL数据库操作，熟悉SQL语句编写和性能调优。5、有Linux环境使用经验，熟悉Docker6、沟通能力，自学能力强，有强烈的求知欲，有独立解决分析、解决问题的能力，良好的团队合作意识。7、本科及以上学历，1年以上工作经验。有相关项目开发经验的优先考虑。
Python开发工程师,https://www.lagou.com/jobs/6433063.html,虹口区,10k-15k,浙江每日互动网络科技股份有限公司,应届毕业生,本科,培训多多 补贴齐全 常有16薪,该岗位的工作地址：上海市虹口区海伦路440号海伦金融中心A栋12F（地铁四、十号线海伦路站3号出口）岗位职责:• 按照规范及设计文档完成编码工作，对代码质量负责，并按照规定提交相应的开发。任职资格:• 熟悉Python语言；• 了解Django或Flask等Web框架；• 熟悉WEB标准和HTTP协议，熟悉SQL语言、MySQL的使用，熟悉至少一种linux发行；• 具备良好的人际交往、语言表达和沟通能力；• 具备高度的责任心、诚信的工作作风、优秀沟通能力及团队精神 • 愿意接受挑战性的工作，能够高效及时完成工作。欢迎同学们前往现场参加校园宣讲会~           学校              宣讲日期       宣讲时间           宣讲地点    浙江大学             2019.10.19       18:00       玉泉永谦活动中心小剧场浙江工业大学          2019.10.23       18:30       屏峰校区健行楼B112杭州电子科技大学   2019.10.25       18:00        12教202
Python开发工程师,https://www.lagou.com/jobs/5141392.html,浦东新区,5k-10k,上海仑动科技有限公司,1-3年,不限,发展前景,负责相关软件产品开发工作职位要求：- 熟悉wxPython等Python GUI开发- 诚实并且有责任心- 能够自我激励和结果导向的个人- 有较强的学习领悟能力- 有良好的代码编写和管理习惯
Python开发工程师,https://www.lagou.com/jobs/6176574.html,浦东新区,10k-15k,上海邦阔信息科技有限公司,1-3年,本科,科技企业提供优先上海户口办理名额,技能要求：Python，数据挖掘，爬虫，网络爬虫一、 岗位职责参与邦阔建筑业大数据的数据采集工作，按照要求到指定数据源采集数据；二、岗位要求1、1年及以上Python开发，有爬虫项目经验；2、熟悉SQL，熟悉MySQL数据库开发和管理，有进行大数据量处理的实际项目经验者优先；3、熟悉Linux操作系统；4、具备良好的编码习惯和开发文档书写习惯；
2020校招-数据开发工程师（Python）,https://www.lagou.com/jobs/6402677.html,浦东新区,12k-18k,上海拍拍贷金融信息服务有限公司,应届毕业生,本科,优秀团队,岗位职责:1.结合业务需求持续优化线上系统，并进行规划以及负责系统需求分析、架构设计、模块开发；2.参与设计和实现数据业务监控系统、风控系统、数据管理系统、智能应用系统等；3.设计并开发实现适用于公司环境的标准化自动化工具，持续提升工作效率；4.对互联网行业技术敏感度高且细致，善于思考，乐于发现，对解决具有挑战性问题充满激情。任职要求:1.有比较丰富的Linux系统使用经验，除python外，熟练使用以下编程语言中的1种以上为加项：Javascript、Java、Ruby、Shell2.对主流数据库，如MySQL、PostgresSql、MongoDB等，有使用和相关开发经验；     3.了解和掌握一些通用技术的原理，比如tcp/http/snmp等协议规范等等；4.具备顺畅的沟通能力和主动的学习意识。
python后端工程师 架构师,https://www.lagou.com/jobs/6484705.html,黄浦区,20k-35k,阿肯医视云网络信息(北京)有限公司,不限,本科,国家化研发团队 不加班,工作职责:1、参与后台服务的设计、开发、优化等研发工作2、与PM、算法及前端开发人员协同工作，保证产品的质量和开发进度3、对产品进行持续优化任职资格：1、精通Python语言，有Web后台服务开发的实际项目经验2、熟练掌握至少一门Python Web开发框架（Tornado、Django、Flask等)3、熟练使用至少一种数据库（MySQL/PostgreSQL/Redis/MongoDB)4、有独立分析和解决问题的能力，有良好的团队合作精神5、较好的英文听说读写基础和运用能力
Python网络爬虫开发（实习）,https://www.lagou.com/jobs/1794529.html,徐汇区,4k-5k,上海数旦信息技术有限公司,不限,本科,学习机会多；免费零食;优秀者毕业可留用,招聘要求：1.计算机及相关专业，211院校全日制本科及以上学历；2.熟悉Python、Mysql、html，编程功底扎实；3.有网络爬虫开发相关经验；4.具备极强的动手能力、学习能力和抗压能力；5.可连续实习半年以上；
2020届Python开发工程师,https://www.lagou.com/jobs/6286752.html,虹口区,9k-14k,通联数据股份公司,应届毕业生,本科,"技术氛围浓,办公环境好,团队氛围佳",岗位职责：如果你也热爱投资，对人工智能、大数据、云计算有着浓浓的兴趣，在这里，你将有机会参与量化投资与研究的平台搭建，为各种投资进行研究支持，有机会做性能、架构等方面的设计与优化，有机会参与构建高可靠性、高可用性、高可扩展性的体系结构，满足日趋复杂的业务需求。任职要求：1、本科及以上学历，计算机等理工科专业，具有一定Python开发实习经验；2、具有良好的编程能力，有“造轮子”的精神，逻辑思维能力强；3、熟悉Python、C++等语言；4、熟悉Linux系统等；5、熟悉常见的数据库，如MySQL，MongoDB等；6、对金融行业、量化交易感兴趣；7、有较好的沟通和表达能力、学习能力，拥有优秀的问题分析及解决能力；8、良好的责任感和团队合作精神。
Python Web实习生,https://www.lagou.com/jobs/6436760.html,松江区,3k-6k,上海担路网络科技有限公司,应届毕业生,本科,"年轻团队,年终分红,晋升空间大,待遇从优","工作内容：1. Web 应用开发2. PaaS云平台开发3. 系统维护、调试热烈欢迎各位 计算机相关专业  或非计算机相关专业 的热爱技术，有志于从事互联网产品开发的同学投递该职位。-------------------------------------先决条件：1. 请确保你至少对 Python、JavaScript 这两门语言都有深入学习研究的欲望，有全栈发展想法2. 对 Web 前端的知识及其实现充满好奇，能够对所有技术保持好奇更好3. 技术是为产品服务的，必须要掌握或愿意学习掌握将技术转化为产品的能力对于以上三点有不同看法的，不适合从事该职位。---------------------------------职位要求：1. 思路清晰、主动性强，有缜密的逻辑思维能力，快速的英文阅读能力及学习能力，良好的沟通能力2. 有基本的计算机基础理论知识，熟悉常用数据机构与算法3. 能熟练使用 Python 进行Web程序相关开发，掌握 Django/Flask 等相关框架4. 熟悉 MySQL/PostgreSQL 等关系型数据库，熟悉SQL语言5. 对TCP/IP, HTTP等常用协议有基本的了解，能完整叙述一次HTTP请求从客户端到服务器端所经过的各个环节6. 有基本的前端技能，了解基本的网页设计知识，如 HTML、CSS、JavaScript、jQuery7. 熟悉 ES6，有 Vue.js/React/Angular 至少其中一种的使用经验8. 能够熟练使用 Linux 作为日常开发环境9. 熟悉 Git 的常用操作，了解 GitHub Workflow10. 有基本的程序错误分析排查能力-------------------------------------------优先条件：1. 有1年以上 Django 开发经验者优先2. 有完整的个人业余项目(GitHub Repo)并在线部署运行3. 有为开源项目贡献过代码或者文档者优先-------------------------------------个人成长规划：1. 作为一名用户熟悉公司的整个业务流程2. 作为一名开发人员学习担路应用开发平台的整体概念，强化 ES6/Vue.js 等技术的了解3. 基于应用开发平台开发简单应用4. 基于应用开发平台开发客户应用，掌握产品交付的整个流程及注意事项，提升开发质量（开发速度、运行速度、维护成本）5. 基本掌握常见企业应用的建模方案，能快速的针对客户的需求给出解决方案，高质量的付诸实施并完成超过客户希望的交付6. 在应用开发过程中逐渐了解整个平台的架构，掌握整个平台从前端到后端的设计及实现思路7. 掌握定位日常应用开发中遇到的底层平台的问题，弥补自己的技术短板8. 对于如何提高应用开发效率有自己的深刻理解，对于平台层面的发展有自己的想法9. 参与到平台的开发中，开发高质量的应用注：Eating your own dog food 策略作为一家致力于提供 PaaS平台的公司，我们的开发人员必须要有-------------------------------------担路的技术及学习理念：- 不做原教旨主义，用合适的工具做正确的事。- 稳中求新，快速迭代。- 持续学习，不给自己设限，对新知识充满不断探索的欲望。--------------------------------------应用开发平台介绍：应用开发平台可以快速开发出一整套可供多个平台使用的应用，包括PC网页版本、手机 网页版本以及小程序版本。全平台适配，数据统一管理，开发流程短，并支持高度自定义，无限扩展其功能，满足各个场景和各个行业的客户的不同需求。--------------------------------------应用开发平台架构：- 数据集（云数据库）做到能够让客户自定义去创建表结构，同时还保证在数据量极速增长的情况下的查询以及写入的性能- 后端运行时基于 Python 3.7, Django 1.11搭 配 asyncio/asyncpg实现系统核 心服务的功能- 云函数方便用户实现自己的业务逻辑，同时做好隔离性，保证出现bug的时候不会波及整个平台的运行情况- 可视化编辑器彻底解放用户在开发的时候对于繁杂表单及界面的处理，同时标准化的接口不会对平台的升级造成阻碍- 前端运行时遵循Vue.js，实现前端组件的线上/线下开发及加载的支持。通过自主研发的可视化 前端开发工具实现组件的可视化布局开发--------------------------------------担路网公司介绍“互联网+”是创新2.0下的互联网发展新形态、新业态，是知识社会创新2.0推动下的互联网形态演进及其催生的经济社会发展新形态。“互联网+”是互联网思维的进一步实践成果，它代表一种先进的生产力，推动经济形态不断的发生演变。从而带动社会经济实体的生命力，为改革、创新、发展提供广阔的网络平台。为企业提供互联网工具，让供需互动变得触手可及。我们致力于互联网信息展示、客户挖掘转化、客户关系维护，为您打造高性价比的一体化互联网解决方案！“一路担当”是我们的公司文化。自成立以来一直秉持团结、平等、共赢的原则，为每一个伙伴提供全面的发展机会，有专人负责培训，鼓励同事之间相互帮助，共同进步。担路网在上海已经有了一定的知名度，已有近万成功合作商家，尤其在中小型商家中担路网三个字已经有了一定的品牌效应，但是我们依然在路上，我们需要更多的伙伴，更多年轻的有激情有梦想的伙伴加入。"
高级Python开发工程师,https://www.lagou.com/jobs/4151403.html,长宁区,20k-40k,上海寻梦信息技术有限公司,1-3年,本科,"福利好,大牛多,成长快","我们希望您能： 1.负责大数据平台后台产品的研发与运营； 2.负责大数据产品的后台管理系统研发； 3.参与大数据计算产品的架构设计。岗位要求：1.精通Linux/Unix平台上的Python开发；2.熟悉Flask, Django等Python框架；3.精通关系型数据库中的一种，具备SQL调优能力，了解NoSQL优先；4.熟悉Apache Superset，具有一定前端开发能力者优先；5.具备良好的分析解决问题能力,能独立承担任务和有系统进度把控能力；6.有良好的团队合作能力,富有工作激情，善于沟通,热爱开发事业。7.有爬虫经验。"
实习生（Python/前端/测试 ）,https://www.lagou.com/jobs/6357224.html,浦东新区,3k-6k,上海善挚信息科技有限公司,应届毕业生,本科,开发业务项目，不打杂，坦诚开放的团队氛围,职责：1. 参与产品需求评审，对产品提出改进意见2. 开发和维护 Web 系统，完成新需求的版本迭代2. 完成产品验收测试要求：1. 在校研一研二，本科大二大三，或大四即将读研，计算机相关专业优先2. 能熟练运用 Python 或前端相关技术（HTML、CSS、Javascript），有实际项目开发经验3. 能快速理解业务，学习能力出色，能独立解决问题4. 工作细致有规划，责任心强，积极主动，有良好的团队合作意识5. 有开发经验者优先，有“洁癖”和“强迫症”的优先6. 加分项：ACM，topcoder 比赛，参与开源项目ACM，topcoder 比赛，参与开源项目7. 实习期至少 3 个月，每周至少 4 天
Python后端开发工程师,https://www.lagou.com/jobs/6102353.html,浦东新区,17k-25k,上海大羊数据技术有限公司,3-5年,本科,养老健康领域，智能硬件+大数据,职位描述:  1.构建 IoT 背景下的后台服务  2.参与大数据平台产品的开发和迭代    任职要求:  1.精通 Linux 平台上的 Python 开发  2.熟悉 Gevent、Falcon 等 Python 框架，熟悉 MongoDB、Redis 等数据库  3.掌握 Microservices 架构和 RESTFul API 设计规范   4.有过 ØMQ、Apache Kafka、 Apache Spark 的开发经验，对后台系统安全设计有自己的见解  5.了解 Scipy Library series，scikit-learn，并有过实际项目经历
交易监控员（Python数据分析）,https://www.lagou.com/jobs/6369157.html,浦东新区,10k-20k,上海思勰投资管理有限公司,应届毕业生,本科,免费午餐 团队氛围好 转正机会,"职责描述：
 协助金融股票、期货程序化交易中各类交易数据的整理和分析；
 根据内部基金产品投资风格与绩效评估等计算各项风控指标，应对市场交易的突发状况，与交易员、IT运维人员密切沟通，及时调控策略；
 与交易员、IT开发人员协作，参与设计、测试、完善交易监控系统。
 与券商、期货公司沟通协调，解决交易相关的问题，负责交易直接相关的产品运营对接。
 详细记录每日交易事件与操作。
 任职要求：
 理工类专业排名前20的高校，全日制本科及以上学历，计算机、数学、统计等相关专业；
 熟悉Python，全面了解Python的基本语法、基本数据结构和常用Library，熟悉Numpy和Pandas的基本用法和功能；
 熟悉Python的性能特征，熟悉面向对象的设计模式，充分了解动态语言的性质；
 有一定的数理统计基础，扎实的算法基础，熟悉数据库，热爱和数据打交道；
 优秀的心理素质，能高效处理并行的多项任务；
 注重细节，能主动发现并解决问题，认真踏实；
 良好的沟通能力和团队协作精神。"
python后端开发工程师,https://www.lagou.com/jobs/6121540.html,徐汇区,15k-28k,上海竞乐信息技术有限公司,1-3年,本科,五险一金 ，免费零食，双休，带薪年假,"岗位职责：1、熟悉使用Python + Django/Flask来开发后端；3、开发可重用的代码和库以便日后使用；4、优化程序以达到最大的访问速度及可扩展性；5、配合程序员进行代码的调试、bug修复、浏览器兼容性调优；6、在开发的过程中以及上线之后保证数据安全；7、能够完成高质量的, 可维护的代码, 并使用一些工具 (如unit testing, source control, continuous integration, automation, design patterns等)；8、和其他软件工程师, 项目经理, 策划, 运维一起合作开发新网站产品；9、了解前后端框架分离实现原理。任职要求：1、本科以上计算机相关学历，两年以上web后端开发经验；2、精通后端框架, 如Django, Ruby On Rails, 或者Node.js. 熟悉HTTP协议. 熟悉网站性能调优, 大规模并发处理和缓存机制；3、熟悉mysql相关知识, 精通linux基本命令4、深入了解数据结构, 算法和相关计算机基础知识；5、工作态度端正, 有较强的问题解决和沟通能力；6、如熟悉前端技术(ES5/6, CSS, HTML, ReactJS+Redux) 优先考虑"
后端开发经理/技术专家（python/C++/j）,https://www.lagou.com/jobs/6314326.html,浦东新区,20k-28k,达而观信息科技（上海）有限公司,5-10年,本科,AI准独角兽 技术氛围浓 优秀伙伴,职位描述：1、负责公司企业级应用产品对大型企业客户的开发、部署、技术交付工作（泛NLP、RPA、OCR、推荐、搜索、知识图谱、大数据系统等相关的产品和项目）；2、负责业务需求分析，将业务需求拆分成独立的业务功能，并负责相关的开发等工作；3、参与核心技术问题的攻关，架构设计，系统优化，协助解决项目开发过程中的技术难题；4、配合项目的整体计划和安排，对业务人员进行技术指导；岗位要求：1、计算机相关专业、统招本科及以上学历，5年以上后端开发经验，有项目负责人或leader经验者优先；2、熟悉Python后端开发，或C++基础扎实并有意向用python进行后端开发，工程代码能力优秀；3、熟悉SQL，熟悉Orcale、DB2、SQLSERVER、Mysql数据库应用开发中至少一个；4、熟悉linux/Unix常用操作命令，了解shell；5、责任感强，有规范化文档编写的良好习惯，对于工作有推动意识，有独立负责大中型任务的能力或潜质；6、能够接受短期出差或驻场开发工作（华东区域，连续在外一般最长不超过2个月，短则2-3天）。
Technical Lead (Python）,https://www.lagou.com/jobs/6268846.html,长宁区,20k-40k,励德爱思唯尔信息技术（北京）有限公司,5-10年,本科,15-20天年假，生日，圣诞假，节日福利,"Job responsibilities:• Manage your team with best Agile practices to enable your team members continuously deliver values to our customers• Provide guidance and support for individuals to develop their career path and align personal goals with organizational goals• Communicate with product mangers to clarify requirements and provide technical solutions and estimations made by the team• Coordinate business, content and engineering teams to ensure the successful delivery of your team• Update external and internal stakeholders with latest project status and ensure messages are clearly deliveredQualifications:• Bachelor's Degree in Computer Science or a related technical field, and solid years of relevant experience.• Excellent oral and written communication skills including the ability to communicate effectively with both technical and non-technical stakeholders.• 5+ years of experience with software development• 1+ years of experience with leading an Agile team• Strong Python skills• Strong problem solving & analytical skills• Experience with NLP technologies• Experience with Machine Learning and Deep Learning• Experience with SQL or NoSQL databases• Experience with TDD & unit test• Experience with Git or other code management tools• Familiar with text analytics, mining and visualization• Familiar with AWS or other cloud platforms• Familiar with Big Data technologies e.g. Hadoop, Spark & etc.• Familiar with REST, SOA/Microservices, and distributed n-tier applications.• Familiar with distributed systems • Familiar with HTML, CSS & JavaScript• Familiar with Linux• •"
开发支持工程师（JAVA/.NET/Python）,https://www.lagou.com/jobs/6058332.html,闵行区,10k-15k,上海微创软件股份有限公司,1-3年,本科,英文环境 领导nice 欧美市场,"Dev Support EngineerAre you interested in the cloud business, passionate about cloud computing technology? The Microsoft Azure Platform is strategic to Microsoft enabling customers, ISVs, and Microsoft IT to develop, test, and deploy solutions in the cloud to take advantage of economies of scale, reliability, globally distributed data centers, and generally reduce the effort of managing dedicated IT infrastructure. Azure is a growing leader in the cloud market with Azure Support enabling customer success and providing a key differentiator when customers make buying decisions. Azure Team is looking for a customer focused Support Engineer passionate about site up, availability, and supportability of the Azure platform. This role will be accountable for diagnosing and troubleshooting mission critical customer applications built on the Windows Azure platform.  The successful candidate will be able to manage complex, highly available services with a deep understanding of the underlying components, concepts (Azure Platform, Azure SDK, migration), and work directly with customers, and Engineering Team.Responsibilities·         Ability to analyze, troubleshoot, and remediate Azure software, network and datacenter stacks and bring quicker resolutions.·         Drive continuous improvement in the Azure platform by incorporating feedback from internal/external customers·         Develop tools, scripts to automate troubleshooting activities·         Provide customer escalation analysis·         Identify and drive implementation of customer centric mitigation levers and playbooks for Operations·         Respond to and resolve critical customer issues as part of a work shift and attend urgent ad-hoc requestsQualificationsRequired Soft Skills·         Handle technically challenging hot customer situations, including the appropriate use of all available resources, communicate effectively with Support teams and development on complex technical issues·         Strong communications skills - Excellent spoken and written English communication skills·         Effective, polished interaction with customer to gather information·         Demonstrable troubleshooting skills·         Cross-team collaboration·         Logical and Critical thinking·         Passion for technology and customer support·         Understanding of cloud vs. on premise computing.Required Technical Skills·         Knowledge of basic computer science concept, such as operation system and networking. Experience in Cloud Computing, distributed system design is a plus. ·         Experience in software development using one of the following languages: C/C++, .NET(C#/VB, etc), Java, PHP, Python, JavaScript, etc. Server-side web application design/development experience is a plus.Better to have·         Knowledge of cloud computing (IaaS, PaaS)·         Experience of using Azure services/products·         Experience of troubleshooting production/live environment issues such as application crash, performance tuningExperienceAt least 1 year of software development or Technical Support experience EDUCATION/CERTIFICATION Bachelor degree in Computer Science or equivalent experience"
后端开发实习生（Java/Golang/Python）-短视频方向,https://www.lagou.com/jobs/4254612.html,黄浦区,4k-8k,北京字节跳动科技有限公司,不限,本科,弹性工作，餐补，租房补贴，休闲下午茶，扁平管理，过亿用户，职业大牛，团队氛围好，优厚薪资,
服务端开发实习生(java/python/golang)-短视频方向,https://www.lagou.com/jobs/4229524.html,黄浦区,4k-8k,北京字节跳动科技有限公司,不限,本科,弹性工作，餐补，租房补贴，休闲下午茶，扁平管理，过亿用户，职业大牛，晋升空间，团队氛围好，优厚薪资,
